id,domain,status,purchase_price,renewal_price,attractiveness,demand,length,registrar,created_at,expires_at
00a7aea0-bbca-437d-811a-df767d4a8a54,havenots.expert,available,11.99,,60,5,9,name.com,,
0118b743-868d-41c0-8ebf-1a6711a74599,cometogether.expert,available,11.99,,70,10,13,name.com,,
013c99e8-1561-4fb4-bed1-8947bc752a56,OpiumWar.expert,available,82.48,,52,1,9,namecheap,,
019ddd7e-b27f-428f-ab34-f70a5af6fc86,proxybattle.expert,available,11.99,,44,1,12,name.com,,
025ab92b-6b27-4f0f-95a8-452e27280def,proxyfight.expert,available,11.99,,44,1,11,name.com,,
03148802-7a5d-4487-b21f-08441672b42b,overanxious.expert,available,11.99,,64,1,12,name.com,,
04c962d1-eab9-4867-b471-5ee82ba86de5,shouts.expert,available,11.99,,47,5,6,name.com,,
04eef331-3e7e-4184-bef4-e3b1c29f628f,filesize.expert,available,11.99,,64,2,9,name.com,,
05601b14-821b-49ad-bdce-c5587b9d89f1,distresscall.expert,available,11.99,,32,1,13,name.com,,
05f886c0-7be5-4b87-89c7-99ad429f3f24,rekt.expert,available,11.99,,40,24,4,name.com,,
0653e8f0-6695-4442-97e2-dcf487047f32,supports.expert,available,11.99,,64,12,8,name.com,,
072f00c4-989c-430a-b3e0-39dd4c1f2316,nailed.expert,available,11.99,,58,6,6,name.com,,
07f29741-ed9e-4e7b-b26e-a7e711b2a7e6,gomad.expert,available,11.99,,70,5,6,name.com,,
0807f50c-47cb-496c-b2b0-d3d08ab6e04d,prejudices.expert,available,11.99,,38,1,10,name.com,,
08a55d94-21b4-4015-a5a5-74428a7acd1b,spillover.expert,available,11.99,,68,4,10,name.com,,
0981ec70-277a-4759-889d-102ccbab8be4,Ihavecancer.expert,available,82.48,,44,2,13,namecheap,,
09ea9596-2e8d-4131-b25e-8c65300496a7,thedamn.expert,available,11.99,,38,1,8,name.com,,
0b24de02-abb8-44e9-aac1-cd3460e339cc,bebothered.expert,available,11.99,,63,1,11,name.com,,
0b554859-3c02-47fd-8935-dae80509b7e4,leaks.expert,available,11.99,,46,15,5,name.com,,
0bb11f7c-0e73-4d78-94ca-3e03a6fb13ab,scootover.expert,available,11.99,,66,2,10,name.com,,
0c7870f5-54f0-41e2-b899-2674f9f3c39e,nuclei.expert,available,11.99,,44,7,6,name.com,,
0ddba0b9-0685-438b-980c-13164b76019f,blewit.expert,available,11.99,,44,2,7,name.com,,
0fb42e97-73a1-494d-a8c1-9dffaf6521b6,childmurderer.expert,available,11.99,,30,1,14,name.com,,
0fc04cb7-0c06-4637-9f2b-5ea438aeddc3,niggers.expert,available,11.99,,37,13,7,name.com,,
11b9cf48-a197-4dd3-ac77-6514ffb468a1,alcoholintoxication.expert,available,11.99,,48,1,20,name.com,,
12f52632-7827-402b-8d13-313614c91ed6,victims.expert,available,11.99,,42,5,7,name.com,,
13c467b2-279b-4556-93c4-0e643c957b74,alcoholics.expert,available,11.99,,38,4,10,name.com,,
13cb861b-4a13-4597-8251-2345f9ba0dfb,deaths.expert,available,11.99,,50,6,6,name.com,,
147968bb-fd58-445b-a58d-53264655a403,sticks.expert,available,11.99,,60,11,6,name.com,,
148b881d-c375-4d03-a133-65b03ca53c7d,somuchfor.expert,available,11.99,,46,0,11,name.com,,
19040df8-7dc9-4817-8884-d4163068abba,VHS.expert,available,82.48,,71,20,3,namecheap,,
196424f7-0706-4509-bfad-76bab5012cc5,failed.expert,available,11.99,,60,11,6,name.com,,
1c286f51-cfcf-431c-9ec6-50389fa66e52,strepthroat.expert,available,11.99,,68,2,12,name.com,,
1c8a95cd-436b-4514-a28f-225baafe90cd,behindschedule.expert,available,11.99,,38,1,15,name.com,,
1cf0cb50-5ac8-40f7-9d9e-2d001dee2b7e,notsomuch.expert,available,11.99,,46,1,11,name.com,,
1e2462d7-c88b-424f-a57b-b21f9185d347,behindbars.expert,available,11.99,,60,6,11,name.com,,
23567592-c699-4284-90bb-6dcc81c4cd62,PopeGregoryI.expert,available,82.48,,28,1,14,namecheap,,
2621ce82-5466-42a8-a781-eec7bb25b15b,alcoholaddiction.expert,available,11.99,,50,3,17,name.com,,
268a4b3f-74f4-4bd5-9f4e-1760dfe7cfa4,refused.expert,available,11.99,,50,4,7,name.com,,
27130fc4-63ec-4265-8cd8-7ca54952049e,filetype.expert,available,11.99,,64,3,9,name.com,,
27694e7a-f8ac-4f3f-b66a-e3464b767552,barbedwire.expert,available,11.99,,66,3,11,name.com,,
2bdf0914-3b70-4fb1-b1cd-7ae327bdc405,FinalJudgment.expert,available,82.48,,54,2,14,namecheap,,
2bdf58d5-979d-459c-b7a4-4ef10d0789b6,storms.expert,available,11.99,,60,10,6,name.com,,
2d2cc61a-181c-4429-8164-06edd5036845,StGeorges.expert,available,82.48,,54,6,10,namecheap,,
2e052df8-f32e-4d4e-aa6c-f392f67c1d61,tokens.expert,resell,,,51,36,6,"GoDaddy.com, LLC",28/12/2025 19:27,28/12/2026 19:27
2f3d8fea-4307-4766-a7f0-dd73e2148027,sidewindow.expert,available,11.99,,44,1,11,name.com,,
308e07aa-8c3c-416e-9543-4aa9851ce900,salts.expert,available,11.99,,56,7,5,name.com,,
30c0d78e-1ff2-4163-9946-c70aec82a9d6,difficulties.expert,available,11.99,,70,3,12,name.com,,
31411a4c-f937-4577-b509-732a9abe931a,flashflooding.expert,available,11.99,,52,0,14,name.com,,
319f38bb-27e1-44e3-8ea6-9f4aaeb5ef1e,smashinto.expert,available,11.99,,38,0,10,name.com,,
33514614-8782-49d5-bdb3-fb3bfc4491cc,terrifies.expert,available,11.99,,39,1,9,name.com,,
3364a0db-227c-4b24-aec0-db53830a583e,couldnotcareless.expert,available,11.99,,38,0,19,name.com,,
33748693-a3e7-4d96-b630-3ff5d10437ec,uncared.expert,available,11.99,,57,1,7,name.com,,
34b1fe2b-4ea8-4c86-a3f2-8ac7b81fd74f,proxybullying.expert,available,11.99,,28,1,14,name.com,,
35a35da4-2d9f-40f9-b5de-facd40f380e0,WorldWarIII.expert,available,82.48,,48,3,13,namecheap,,
37d0b482-af63-4dc2-af04-98c1aa66fd3d,scratches.expert,available,11.99,,60,4,9,name.com,,
38a975a1-5b10-44f2-88f7-26b14bce3169,suppresses.expert,available,11.99,,44,1,10,name.com,,
38fc0954-a233-44cd-85f9-10fba09e27fa,oranything.expert,available,11.99,,44,1,11,name.com,,
39d957c7-66b8-4790-b129-2e94bee855cf,nails.expert,available,11.99,,62,18,5,name.com,,
3a5559e8-d37e-4c2d-8cea-f9b56ecc282a,fundamentalism.expert,available,11.99,,58,2,14,name.com,,
3a5970d0-dfb3-4c53-8f31-030739add77c,filetypes.expert,available,11.99,,46,3,9,name.com,,
3acea006-ab5f-41fb-adb1-8bfc28f07601,counterterrorism.expert,available,11.99,,52,3,17,name.com,,
3ae77981-f37f-47fd-9435-0d5ea91c77f6,childrapist.expert,available,11.99,,38,1,12,name.com,,
3eb050c2-5313-4844-b63c-ba132dd66aae,somuchso.expert,available,11.99,,50,1,10,name.com,,
40476002-65ac-47b5-8593-fcdc47431c27,letterofdismissal.expert,available,11.99,,44,1,19,name.com,,
41e7fe12-7249-495b-a79a-f0ff01193eea,havenousefor.expert,available,11.99,,56,0,15,name.com,,
43471837-37fc-4239-991c-6229912b2404,preliminarily.expert,available,11.99,,41,1,13,name.com,,
45dc75bf-1f36-4db6-833b-4282f6532fa1,gonowherefast.expert,available,11.99,,50,1,15,name.com,,
470d0051-5b3b-4eea-ba92-989e927dcb39,parkup.expert,available,11.99,,59,4,7,name.com,,
47b03f6d-986c-485d-b541-cfe617cc6e23,keepoutof.expert,available,11.99,,68,0,11,name.com,,
490e818c-b076-4cdf-86fb-8320177e14af,proxycard.expert,available,11.99,,44,2,10,name.com,,
496bad29-8731-4c0c-8420-f58911401ee7,goAWOL.expert,available,82.48,,46,2,7,namecheap,,
49beadbe-9f94-40bb-ac70-849907be8e5e,stuffit.expert,available,11.99,,44,5,8,name.com,,
4b6d6bc5-273d-49ea-be03-8834486502f0,bedamned.expert,available,11.99,,38,1,9,name.com,,
4b6e8015-1ea2-4dc9-b923-8296bf6fb372,overwhelmed.expert,available,11.99,,48,5,11,name.com,,
4c0c9cc7-0b45-4931-9299-66a0ce64dc51,suspicions.expert,available,11.99,,43,2,10,name.com,,
4c524ad2-6fb0-41e1-8265-593705b859b9,cheesedown.expert,available,11.99,,62,0,11,name.com,,
4caedcf4-5e6b-4825-902d-1278ff734b3e,thefixisin.expert,available,11.99,,38,1,13,name.com,,
4ce3709f-2dc7-4b29-bed4-d9500e8d1f76,mosquitos.expert,available,11.99,,42,5,9,name.com,,
4ea6b79e-3bd8-4d4a-a71d-d7e04278eb45,SaintGeorge.expert,available,82.48,,54,6,12,namecheap,,
51ec2251-37ef-4b95-80a8-e6b3c1cea619,goawry.expert,available,11.99,,66,0,7,name.com,,
526cc629-93f3-4e0b-bdef-3da8052469c0,disobedience.expert,available,11.99,,64,3,12,name.com,,
54c0df1f-6d20-4d34-ad2e-b260ca819e6d,underprotest.expert,available,11.99,,30,1,13,name.com,,
556bc0cc-81f1-43ff-af4d-ba5afd13cd7c,overwith.expert,available,11.99,,60,1,9,name.com,,
56076c19-2151-448e-9aaa-b9f7d508fc66,howthedevil.expert,available,11.99,,40,0,13,name.com,,
56d66272-c2e5-401f-944a-d6a8559d8b79,backtaxes.expert,available,11.99,,62,3,10,name.com,,
56e0c730-eb99-46e7-93c3-f3ae87c0ba0d,getsick.expert,available,11.99,,72,1,8,name.com,,
588791d7-f122-4ba0-978f-b711576ba0bc,filed.expert,available,11.99,,48,7,5,name.com,,
59863e05-d58d-4c77-8acc-c2270ae52aa4,turnedoff.expert,available,11.99,,42,1,10,name.com,,
5dff2af4-f4c6-4c21-9da2-73f5a0c00e78,sucks.expert,premium,500,,48,11,5,name.com,,
61f606c7-3801-4bb0-884b-e093b5f26991,segregation.expert,available,11.99,,62,2,11,name.com,,
6399eb98-e137-4144-a999-5f2a8effd779,fullfrontalnudity.expert,available,11.99,,48,1,19,name.com,,
63b2c08d-1260-4453-be45-92bb56ef09b0,gobankrupt.expert,available,11.99,,68,2,11,name.com,,
640eca27-8db3-4e39-9c85-c3bf3d6de00f,couples.expert,resell,,,52,14,7,"GoDaddy.com, LLC",08/12/2020 17:40,08/12/2030 17:40
6428f09a-1c38-44b4-888d-60aacfe7aeee,wastes.expert,available,11.99,,50,4,6,name.com,,
6449decc-0b40-43de-9a46-49503e715eaa,guns.expert,premium,123.75,,68,22,4,name.com,,
6651179d-7644-472b-ab6d-41e5eb5faf1c,lactoseintolerance.expert,available,11.99,,56,2,19,name.com,,
66f54a4b-7ea1-45fe-9b55-32ac37e03fd0,worldsapart.expert,available,11.99,,64,3,12,name.com,,
69512151-3d7b-46fe-b93c-459dd6f89ca6,gomissing.expert,available,11.99,,70,1,10,name.com,,
6bccd408-837c-49e8-adb5-5fb90e5b6be8,nitpicking.expert,available,11.99,,58,1,10,name.com,,
6c5a346b-94bd-4168-b77a-1745b1ac27a5,backbreaking.expert,available,11.99,,54,1,13,name.com,,
6db5804a-43d2-422d-a158-eb6a252deba2,smashdown.expert,available,11.99,,58,2,10,name.com,,
6e52f03f-bad7-42ff-8c0a-3b21ab84c46d,lies.expert,available,11.99,,60,12,4,name.com,,
6eb5e2c4-122f-4f0b-9676-c0f6967b8413,packingtape.expert,available,11.99,,70,2,12,name.com,,
7068a8a2-eaf9-40fe-a270-ddbcde0539b3,probablecause.expert,available,11.99,,55,2,14,name.com,,
707c8367-09b8-48e1-8c9b-10717ee005ac,biases.expert,available,11.99,,42,3,6,name.com,,
70b59a6f-9cad-4616-98e6-55c676346809,sellthrough.expert,available,11.99,,64,2,12,name.com,,
70c72479-955f-47ac-8ede-86b0bd0dce10,punched.expert,available,11.99,,50,3,7,name.com,,
739a6375-cff5-4a9f-9d1e-57101243edc1,gettheboot.expert,available,11.99,,70,1,12,name.com,,
75ad1f0a-35a8-4d73-b12f-72d5458c6919,strangers.expert,available,11.99,,46,9,9,name.com,,
768a546a-ccbc-4bc4-b310-7802671b4c8a,poreover.expert,available,11.99,,62,1,9,name.com,,
7aa16299-009a-4b0d-a406-e4415f53d610,parkingfine.expert,available,11.99,,46,2,12,name.com,,
7b7bf304-6a20-4962-8fdc-9e4f188f690e,godark.expert,available,11.99,,68,5,7,name.com,,
7bb97111-4535-4140-b913-05a4125ca4e5,sorethroat.expert,available,11.99,,64,2,11,name.com,,
7c4dbee9-6081-4597-a8ab-ad8f2b0d0f4e,smashup.expert,available,11.99,,58,5,8,name.com,,
7d7c1920-f88e-40e3-a6fe-07a2e10bcab8,havenobusiness.expert,available,11.99,,60,1,16,name.com,,
7ec9ead0-fbd1-412a-9df6-420ebf9d8f4a,counterattack.expert,available,11.99,,64,3,14,name.com,,
7ff91d64-dfcd-4a8d-8054-5f6a7966353a,rubbed.expert,available,11.99,,62,2,6,name.com,,
8211d97c-375c-4c36-9f40-9c89fd57360b,paintthinner.expert,available,11.99,,56,1,13,name.com,,
832cdbec-fc68-47f1-a1f8-6e76f62c3e2c,counterfeits.expert,available,11.99,,40,2,12,name.com,,
83a70d6b-6e76-49d6-9c65-ce9778139e97,finalreckoning.expert,available,11.99,,58,2,15,name.com,,
83edea0b-f689-4506-bf40-54bc38158a9d,fires.expert,available,11.99,,46,10,5,name.com,,
856b08fe-7117-460f-9a95-65214b2eb8af,thieves.expert,available,11.99,,45,8,7,name.com,,
85d59858-a80c-4495-9fc6-a508940dedb8,alcoholpoisoning.expert,available,11.99,,48,1,17,name.com,,
877a9540-d107-4d86-a114-90992c323b38,postponement.expert,available,11.99,,57,1,12,name.com,,
877b32d9-769f-46a1-88a6-db651b544cc2,havenosympathy.expert,available,11.99,,54,1,16,name.com,,
8785887f-ee71-48c2-8549-b780242e25f2,genes.expert,available,11.99,,54,10,5,name.com,,
88dd4ca9-db41-45e8-8f97-90b0c13664d8,howtheheck.expert,available,11.99,,48,1,12,name.com,,
89c786b9-f263-402d-af00-dbc57605578c,sitaround.expert,available,11.99,,66,1,10,name.com,,
8aeb7524-795a-4a04-bd68-af064140c069,parkin.expert,available,11.99,,59,8,7,name.com,,
8c2fd3e5-2ee9-47a2-b3e1-d9bd9ea7a844,turds.expert,available,11.99,,38,3,5,name.com,,
8c51aca9-9032-4195-89a6-4c645e0369e0,havethefoggiest.expert,available,11.99,,54,1,17,name.com,,
8cdb0090-fde9-489d-bcaa-9420116300fd,slipitto.expert,available,11.99,,64,1,10,name.com,,
8d3f59b8-6998-4261-b945-0c1cc82462e2,keepfrom.expert,available,11.99,,52,1,9,name.com,,
8df3096b-e085-4119-ac07-0194b20779da,thickskinned.expert,available,11.99,,52,1,13,name.com,,
8f415136-454f-44fa-a34a-a7fb70f95e98,foes.expert,available,11.99,,46,6,4,name.com,,
906fca4a-4c65-48dc-b8a8-9e3693d263ec,goballistic.expert,available,11.99,,68,2,12,name.com,,
9137220c-02b2-484b-ad50-14af848d1421,Ichooseviolence.expert,available,82.48,,44,1,17,namecheap,,
918c9447-90fd-4e8c-b879-cf542fcf3a95,rashes.expert,available,11.99,,40,3,6,name.com,,
92d2c663-4ce2-4eb2-8064-acf762def7d7,slipthrough.expert,available,11.99,,66,1,12,name.com,,
92ecfd34-d6ce-4678-ab9c-f00f7b4f5eb0,leaveover.expert,available,11.99,,70,1,10,name.com,,
93164f6e-83a6-4b87-86ef-c0b79c9effd4,zombies.expert,available,11.99,,44,11,7,name.com,,
93917024-58da-4654-8138-9fe0282b1a6b,smashandgrab.expert,available,11.99,,48,2,14,name.com,,
9430433b-e6dd-49d9-9665-0fad9e009b11,overrated.expert,available,11.99,,60,6,10,name.com,,
953919a6-95fe-41a6-9cb7-b47e88471329,IamHIVpositive.expert,available,82.48,,44,1,17,namecheap,,
962416d3-8005-4ff8-a066-0d7eaa60fcbb,alcoholusedisorder.expert,available,11.99,,48,1,20,name.com,,
96faebc9-b154-4835-8c3d-020afb9a84e0,deadoralive.expert,available,11.99,,54,5,13,name.com,,
980019b5-d522-45d0-b55e-0e9aee9eeee0,deadonarrival.expert,available,11.99,,46,2,15,name.com,,
980d461b-c67b-429c-bd34-d161d4578c66,trends.expert,premium,123.75,,60,32,6,name.com,,
9828cec1-c47d-4151-9c7d-91bc4d137f27,filewith.expert,available,11.99,,68,2,9,name.com,,
98775db6-eda1-4ff7-a48c-46d99808299a,quitting.expert,available,11.99,,54,4,8,name.com,,
99a132e2-ce30-4791-948b-f47b170c90c3,gooverboard.expert,available,11.99,,64,1,12,name.com,,
9a0f16ef-5c96-4f97-aa2d-a663e14f5b56,conflicts.expert,available,11.99,,66,5,9,name.com,,
9b40ae13-a268-4d53-935c-3944d1f9fa59,toexcess.expert,available,11.99,,55,0,9,name.com,,
a0010b56-b7f4-4722-84db-2856e98f8e15,godownhill.expert,available,11.99,,68,1,11,name.com,,
a0f8aa6f-247b-4cb8-b4b7-548f95c6f31e,waitforit.expert,available,11.99,,43,4,11,name.com,,
a0f97fb2-17f9-4c4b-9606-b2941d58968b,divorcing.expert,available,11.99,,46,6,9,name.com,,
a17b3ed8-872e-4943-a457-760b8452e9eb,leavemealone.expert,available,11.99,,42,7,14,name.com,,
a1fcb491-a08a-40df-9128-de945a9c84f4,mistakenidentity.expert,available,11.99,,52,2,17,name.com,,
a5134564-4166-411c-b52a-27df445025d9,dont.expert,available,11.99,,42,18,4,name.com,,
a71d072c-3d86-4f2a-a144-97c3f1223f97,havenoneofit.expert,available,11.99,,56,1,15,name.com,,
a9713783-b179-46f1-a7e3-dcb0c90fa0d7,axes.expert,available,11.99,,36,10,4,name.com,,
a97e4c73-578d-4fa2-a35c-96d7408b8b5a,somewhereelse.expert,available,11.99,,60,3,14,name.com,,
a9e84a30-908c-45a9-bf22-f98a3547667e,uptoanything.expert,available,11.99,,52,1,14,name.com,,
aa41c01a-7294-4b97-b036-77ac10ce2ff1,wakeup.expert,resell,,,80,23,7,"GoDaddy.com, LLC",29/10/2019 14:13,29/10/2027 14:13
abd63887-f780-4d9c-a24e-8605dcf50bc3,slipoff.expert,available,11.99,,65,1,8,name.com,,
acbd3988-1cd0-45de-9f79-3d414a1dde9b,dropabombshell.expert,available,11.99,,58,0,16,name.com,,
acf0f2c9-e244-4a1e-9f1c-12d4c6ee09df,cocks.expert,available,11.99,,56,10,5,name.com,,
b11cdac6-5cd6-4732-9d57-a89038fb94e0,sameoldstuff.expert,available,11.99,,34,1,14,name.com,,
b147d60d-cfc4-4acc-b1be-532df7c8b2b9,goastray.expert,available,11.99,,66,1,9,name.com,,
b1edecfb-1a03-4c1a-a397-f6cefdb26787,gorogue.expert,available,11.99,,64,4,8,name.com,,
b1ee091c-3ba6-4e31-bbf2-4019e2375618,threats.expert,available,11.99,,44,8,7,name.com,,
b27bd73d-3eb3-4003-b6db-9026f85ab172,paperingover.expert,available,11.99,,53,1,13,name.com,,
b47fd946-1392-4ca0-a0b6-7adfa6ac26a0,carbonmonoxide.expert,available,11.99,,54,4,15,name.com,,
b4c41880-d09d-44f2-832f-883145a722cf,gonuclear.expert,available,11.99,,68,3,10,name.com,,
b50b5b85-dee1-45e9-93fa-abb9bebfddd5,gotothewashroom.expert,available,11.99,,56,1,18,name.com,,
b542c809-829c-49aa-bc15-0293d33d07d5,gobust.expert,available,11.99,,68,1,7,name.com,,
b5c6cbdf-c2dd-44b2-bdad-46f1ee914a2b,gonegative.expert,available,11.99,,66,1,11,name.com,,
b62634c2-ee7f-494f-9a55-831522e3ad49,diseases.expert,available,11.99,,40,5,8,name.com,,
b6406472-9be0-4d77-b86a-26af4a021e1c,hangbyathread.expert,available,11.99,,56,1,16,name.com,,
b6c730c3-5a63-40c3-8f2e-2198ce7a136c,WorldWarIV.expert,available,82.48,,52,1,12,namecheap,,
b90acd57-05ff-4a26-9998-1dcc2b7d316a,structurally.expert,available,11.99,,48,3,12,name.com,,
b960da36-4f2c-4b2f-a9a0-618831bb90b0,takehuff.expert,available,11.99,,64,1,9,name.com,,
b9734d2b-6da6-4f32-9129-1a6eeeaa2932,sanctions.expert,available,11.99,,52,8,9,name.com,,
ba177361-4a42-4cba-85fe-a3e692e77303,underwater.expert,available,11.99,,64,15,11,name.com,,
ba9d21a7-6f0b-4d2c-ba14-c3feefcb733c,floods.expert,available,11.99,,38,6,6,name.com,,
bba5e5e7-78a3-4a51-956e-f59e4f877c00,mistakes.expert,available,11.99,,52,7,8,name.com,,
bc950e42-b64a-43ad-8238-4eb0d9aad3b4,TyphoidMary.expert,available,82.48,,59,1,12,namecheap,,
bcb27c80-8a00-4b9f-99ba-e065c54137dc,messed.expert,available,11.99,,46,2,6,name.com,,
bee58029-0b81-43d8-af09-8d89905c25e5,shoveover.expert,available,11.99,,59,1,10,name.com,,
c00976c9-41b5-46fe-ac80-ba2fdee036e3,takealeak.expert,available,11.99,,63,1,11,name.com,,
c13b8ca7-c637-447a-bec5-6204af69e7a0,proxyvoting.expert,available,11.99,,62,2,12,name.com,,
c1652183-8afa-4e36-8d78-ee4fc26bd507,uptill.expert,available,11.99,,50,1,7,name.com,,
c3694527-200f-4212-8225-654c1c3f5e8e,keepunder.expert,available,11.99,,66,1,10,name.com,,
c611d168-2f8b-4473-a60d-08762f68c832,Ihateyou.expert,available,82.48,,52,4,10,namecheap,,
c698ba36-1c0b-472f-94eb-30956f2c6e6a,chem.expert,premium,82.5,,74,24,4,name.com,,
c7160bc5-f21f-4253-8c32-7be464d178f5,suspecting.expert,available,11.99,,48,1,10,name.com,,
c73d6ecb-431c-4558-b05c-6f2796e4ff04,complaints.expert,available,11.99,,40,9,10,name.com,,
c7f7074c-698e-484c-ad5e-5409be258cc8,whocares.expert,available,11.99,,46,12,9,name.com,,
c8e3cbff-a881-4315-b4f0-8c193f23df45,gonowhere.expert,available,11.99,,62,2,10,name.com,,
caca4702-328b-42b5-b224-533a1635f429,investors.expert,available,11.99,,60,23,9,name.com,,
cb5cb19c-3f76-4f6e-a1a7-8759363588f1,finalstraw.expert,available,11.99,,66,2,11,name.com,,
cc7b67c3-fe7a-42dc-83db-ccc8dcf8399c,incheck.expert,available,11.99,,46,5,8,name.com,,
cd735a57-a5a4-4cfc-9718-f8c8af28df3b,sweatshop.expert,available,11.99,,56,8,10,name.com,,
cd929475-1df7-45c5-b918-616041b6edf8,sites.expert,available,11.99,,53,26,5,name.com,,
ce96e05b-6541-4b1d-8f25-84337265e38a,sucked.expert,available,11.99,,54,4,6,name.com,,
cef95222-a4be-44b6-ac8e-4d5274f59a75,stadia.expert,available,11.99,,66,22,6,name.com,,
cf2c0b10-be94-494f-9825-dd38df22f525,goberserk.expert,available,11.99,,68,1,10,name.com,,
cfbf9702-6bc8-484d-a642-bca5c2248203,toburn.expert,available,11.99,,50,1,7,name.com,,
cfcc90aa-def0-4394-8e5e-a525a9a37b53,givingin.expert,available,11.99,,50,1,9,name.com,,
d108682b-c69b-48c2-9f80-da5055b626d0,havetheblues.expert,available,11.99,,58,1,14,name.com,,
d1348fac-f2ac-4b88-b1d6-a5cc90dd8ee5,rumorhasit.expert,available,11.99,,47,2,12,name.com,,
d13f7906-7c7a-47d9-8ec6-6be2016c20c2,razorburn.expert,available,11.99,,60,1,10,name.com,,
d13fc0ad-3eda-4d3f-ab3c-17719156a04b,waitout.expert,available,11.99,,63,1,8,name.com,,
d5b85f9c-e784-449a-8d2c-c65e76142a74,waitup.expert,available,11.99,,63,2,7,name.com,,
d75dbe1c-5c6e-4585-9f80-081fb74e2d64,mosquitoes.expert,available,11.99,,42,4,10,name.com,,
d84a8625-a080-422c-9fa2-951fc9dc277e,companies.expert,available,11.99,,62,16,9,name.com,,
d91602db-0f25-4217-bacd-831e071f9d32,takeanap.expert,available,11.99,,73,2,10,name.com,,
daa8db0a-1d6a-446e-a996-170b66fd564e,slipin.expert,available,11.99,,65,2,7,name.com,,
dba15615-d901-484e-87ff-eb8fc8cc5c4d,stuffyou.expert,available,11.99,,44,1,9,name.com,,
dba17837-b93a-4a62-aaf6-6a705896fb20,errors.expert,available,11.99,,46,11,6,name.com,,
ddd01112-b0bc-40ef-bb72-e6a27f70b54c,travellers.expert,resell,,,53,11,10,PDR Ltd. d/b/a PublicDomainRegistry.com,04/07/2016 20:59,04/07/2026 20:59
de2346b7-9bf2-4185-bf70-5ab321176ccf,manuallabour.expert,available,11.99,,58,1,13,name.com,,
de94bf32-4380-493e-b2e0-3ddc091552dd,chunks.expert,available,11.99,,46,8,6,name.com,,
df3637a3-10ee-4172-b309-cfb4d93631d3,sawoff.expert,available,11.99,,60,1,7,name.com,,
e01a7d59-0d0b-4fae-be3a-013afe97891a,thesame.expert,available,11.99,,54,5,8,name.com,,
e092b454-0ae0-4ade-aae5-5fb1917b2ba5,remembrances.expert,available,11.99,,51,2,12,name.com,,
e1b11fb5-757a-4af4-9245-e2c6ac0fcb53,indanger.expert,available,11.99,,60,1,9,name.com,,
e2f05dfd-a764-431e-9356-ca795b3ace14,disappointment.expert,available,11.99,,50,4,14,name.com,,
e54f485b-0835-4a5c-9b2e-ed007b5b37dc,wars.expert,available,11.99,,48,10,4,name.com,,
e5b58693-fb96-4472-8df0-c1fc10732aa9,tbsp.expert,available,11.99,,63,5,4,name.com,,
e6d9e447-fca6-466c-a2bb-58440ff8dfe7,sedated.expert,available,11.99,,43,2,7,name.com,,
e7098252-9613-45f2-98f7-9728af9c3be1,peed.expert,available,11.99,,54,4,4,name.com,,
e759ebad-1072-4a95-88a4-0e41715d61cd,disorders.expert,available,11.99,,46,5,9,name.com,,
e88b20f1-8821-4eb1-aa75-b11b6343827e,ofan.expert,available,11.99,,44,4,5,name.com,,
e9ed405a-9cd3-4dc9-938f-eb697e976b49,fails.expert,available,11.99,,46,7,5,name.com,,
eb0b91ee-4b5c-41f2-8aa0-273bf01c5fca,bubble.expert,resell,,,76,34,6,"GoDaddy.com, LLC",03/02/2020 22:25,03/02/2027 22:25
eb2b5f8e-f021-45a9-8d3a-181f85124518,tabs.expert,available,11.99,,46,19,4,name.com,,
eb46506f-4d59-4743-aa78-daf316d7fafe,devoured.expert,available,11.99,,40,3,8,name.com,,
eba91b9d-6206-4763-93e1-f73438463d97,takedown.expert,available,11.99,,74,11,9,name.com,,
ebb2c40b-20dd-4a66-920a-d92e1d377657,ghosts.expert,available,11.99,,48,14,6,name.com,,
ecb640cc-3885-4846-b00d-90b4c888be87,doesnotcompute.expert,available,11.99,,40,3,16,name.com,,
ed0551cb-e1f2-43e7-94e2-ceb3896dd67d,gototherestroom.expert,available,11.99,,56,1,18,name.com,,
efa85cea-37bd-45db-960a-c6fc0a4cbaf0,counselling.expert,available,11.99,,82,13,11,name.com,,
f07e0951-10c6-4226-b014-afb580fa8bd3,alcoholproblem.expert,available,11.99,,30,1,15,name.com,,
f1082d18-f097-48d8-a68c-6363c4644cae,arrested.expert,available,11.99,,60,7,8,name.com,,
f1ecfb2f-b908-42f2-b73a-ad5ab7c2f985,childmarriage.expert,available,11.99,,48,2,14,name.com,,
f2523696-7504-4863-8312-753b3ca170da,proxymurder.expert,available,11.99,,36,1,12,name.com,,
f4ca3082-4d15-43dc-abd6-28daa0d25879,breakingnews.expert,available,11.99,,66,19,13,name.com,,
f617d266-a0a4-40d2-81f9-8db0feb482af,keepitdown.expert,available,11.99,,46,0,12,name.com,,
f638d700-cbde-45a7-b3bd-9b1a8bc53282,beridof.expert,available,11.99,,46,1,9,name.com,,
f6e7e544-c2d1-4a71-ae6e-ba00c70014f4,OxyContin.expert,available,11.99,,64,6,9,name.com,,
f6e94af2-fcc2-4ac4-8792-d37ab9644ba5,unsettles.expert,available,11.99,,43,1,9,name.com,,
f7894634-7f86-4779-96a0-338b2aac1f25,gettingeven.expert,available,11.99,,48,1,12,name.com,,
f88814bf-30dd-49b0-b898-913eb3de0b3b,refusing.expert,available,11.99,,40,3,8,name.com,,
f95ca91a-2a89-4217-8afa-208091ed701f,dangers.expert,available,11.99,,46,6,7,name.com,,
f9b145b9-88b2-4e96-807b-12f92823ac82,turnorburn.expert,available,11.99,,56,1,12,name.com,,
fc71a45f-eb47-4218-9d0e-12faaf9d5dab,mobs.expert,available,11.99,,42,10,4,name.com,,
fd121115-234e-4a3a-8d80-cd2feec5b488,killed.expert,available,11.99,,56,5,6,name.com,,
ff54fdf2-f5c5-4091-856f-b296e528e58f,thereaway.expert,available,11.99,,58,1,10,name.com,,
ff596b6a-23e7-4eec-82b1-e9aef9dc4618,BlackWallStreet.expert,available,11.99,,44,9,17,name.com,,
ffa5547a-fcb3-4c55-bc7e-fbc0b13e3eab,sexualassault.expert,available,11.99,,43,3,14,name.com,,
7be3cf63-84ff-48f8-9f8c-7d9ccf052402,tallish.expert,premium,,,56,72,7,,,
f81dea08-88d7-4838-9a7c-cb443184d799,fanged.expert,premium,,,52,76,6,,,
07d8d7bd-e3cd-48dc-9858-fc4313fe5046,waddle.expert,premium,,,52,80,6,,,
6a31f9e8-a8d1-4145-9aa2-18127a55c731,Whitewell.expert,premium,,,50,76,9,,,
408f4d8b-2bf8-4f45-a594-13c4fb44a348,reboots.expert,premium,,,,20,7,,,
1ffee366-58db-46e9-b97f-275521ed0527,talkturkey.expert,premium,,,,84,11,,,
66ce359b-997d-4e7b-a397-eef3202fca94,Raytheon.expert,premium,,,52,92,8,,,
fb36d6c5-b595-4ba8-ae82-b6dd8f24cbcb,angus.expert,premium,,,50,88,5,,,
3bf24779-25a0-41fa-8a87-ccdda080ed85,givetongue.expert,premium,,,54,72,11,,,
bb50d63a-b574-48c8-bba1-6cf82787618b,glycemic.expert,premium,,,52,72,8,,,
e5bd3769-2c90-4d02-86b3-291d73a3ebbc,nosyparker.expert,premium,,,74,76,11,,,
6686a509-3e23-4441-b06f-522623cd8886,remarrying.expert,premium,,,66,72,10,,,
e6362cb6-9cca-4095-9f88-c4c69084a1e9,twinge.expert,premium,,,78,84,6,,,
98635902-9c10-4b00-9254-dfa0c121538e,Nutbourne.expert,premium,,,46,76,9,,,
f3a977fb-3ec2-4db8-89e9-b91c4ed77024,whitepink.expert,premium,,,56,72,10,,,
bb613457-4050-42fe-b59d-8ad1db3e4f1a,hematology.expert,premium,,,55,80,10,,,
2887834d-df10-4f88-89fc-953821142993,electriceel.expert,premium,,,54,76,12,,,
15c18943-3ecf-471f-8906-269c746efe7c,AmericanEnglish.expert,premium,,,76,4,16,,,
ad1fdcce-be74-4ce7-b226-a9b36a995a5b,goodbad.expert,premium,,,54,84,8,,,
d843bd69-900d-433e-9f49-39f37df8bbd8,federalist.expert,premium,,,68,76,10,,,
cd597cc1-bea9-4c50-b9d9-80b14b39171d,plasticcheese.expert,premium,,,,72,14,,,
18e52a3f-c273-4809-bc20-d081de01496b,pygmalion.expert,premium,,,66,88,9,,,
f41d07e0-b75b-4541-b89f-c93d6ca2ada3,gooddoctor.expert,premium,,,74,8,11,,,
a9ab6534-2ecc-4dff-8fdf-50b98eafdb96,ecopy.expert,premium,,,64,80,6,,,
07110504-e429-4351-8865-600fdf703194,professed.expert,premium,,,58,72,9,,,
130b37ae-f207-42a1-92a5-339fc8bdd464,motorists.expert,premium,,,40,32,9,,,
9a1d63ae-0d8e-4d44-9972-03dcc7c9a279,joplin.expert,premium,,,58,76,6,,,
c492979c-107f-4cf9-88fb-8b03ebd45f24,PueblaCity.expert,premium,,,,8,11,,,
a40afe6b-7150-4623-8877-0c8372d0dd1d,thirdpersonplural.expert,premium,,,64,72,19,,,
ffa19a05-4aac-4e85-a82c-a187f4f0a8cf,flaxmilk.expert,premium,,,72,72,9,,,
9e643720-8d02-47f4-b1e9-946729a80b81,throw.expert,premium,,,102,13,5,,,
b1a69c55-edfe-4706-b272-a1fa3871f37b,keycards.expert,premium,,,46,28,8,,,
932c9415-4fd8-44b3-bec3-23918e441898,notanymore.expert,premium,,,,12,11,,,
490bfddb-d273-479a-842b-8881ef77fa76,Chinesethumbcuff.expert,premium,,,60,72,18,,,
c1168202-6fd5-4b11-a76e-7e9216f78998,BlueHawaii.expert,premium,,,66,76,11,,,
62168b8b-fe71-4b7a-acf1-2bc97d4cd67f,printworks.expert,premium,,,,40,10,,,
abcd7399-cdfc-4f2c-9af5-22d3f5bf030b,hairbreadths.expert,premium,,,34,4,12,,,
e7d611b3-0964-401d-b38d-624b1dc9002d,lebanese.expert,premium,,,68,84,8,,,
ae197c41-d450-43bd-800d-d2dad36d1698,gosainthan.expert,premium,,,56,72,10,,,
83354242-bdb9-4580-a0f2-afa7955fe643,parlourguitar.expert,premium,,,60,72,14,,,
000f6687-a326-42c0-98f7-2e03ddb579e5,coproduction.expert,premium,,,58,72,12,,,
f7d5f631-90fb-425d-8192-27723f6918bc,holiday.expert,premium,1040,1040,72,31,7,namecheap,,
ad4d81ae-f8a9-4b43-bdea-552018a72315,anemonefish.expert,premium,,,60,72,12,,,
010c4fb8-c4d3-487e-84fd-7a169ff88e8b,pianistic.expert,premium,,,60,72,9,,,
08857c27-acb5-461f-8172-e99e047a176d,GreatAyton.expert,premium,,,54,72,11,,,
c04d8435-0522-4688-b776-aa66fc8f7b33,letsomethingslip.expert,premium,,,71,1,18,,,
ce1afef0-2efe-49d3-b0c1-3d1b3fd09aa4,tosses.expert,premium,,,,8,6,,,
7783d02d-cc02-43a2-906a-cd64875d3ed6,Snickers.expert,premium,,,,10,8,,,
316da7b7-7c57-4f5d-a885-3d76eb84afcc,granule.expert,premium,,,64,80,7,,,
7897f441-145d-434d-b465-7afbd31f911b,prosperous.expert,premium,,,56,80,10,,,
6d9508ab-f19c-4987-9527-9a1e3aeacdbb,vale.expert,premium,,,58,92,4,,,
6b416726-7ea3-46d5-a83c-16bec2c890cc,MostHigh.expert,premium,,,,76,9,,,
8d431e37-a06c-44e2-8f7e-9fcb51364eb5,recompense.expert,premium,,,76,80,10,,,
01fce16b-c66a-4be8-877a-5046de9bfdb8,bulgebracket.expert,premium,,,38,72,13,,,
8641430b-5291-47d7-b475-5121f7f09ab0,legislate.expert,premium,,,60,72,9,,,
c7e2a52a-aaa6-439a-aa1f-f85f707bc830,lemonjuice.expert,premium,,,64,76,11,,,
1874505e-70c9-4b1d-9b3a-d43cfda4a5fc,comedownwith.expert,premium,,,62,72,14,,,
d55b9f20-d730-4ffb-9a0b-b237a3ca7af9,briefest.expert,premium,,,40,8,8,,,
5257ba31-7cd1-4913-ba31-ec8c94f397f8,aficionada.expert,premium,,,58,72,10,,,
0ec198ba-88d8-4563-b12d-69de566c7b4b,engineknock.expert,premium,,,36,4,12,,,
567b0792-cc73-452b-bc7c-ee40eeaf1dae,sternthruster.expert,premium,,,,8,14,,,
25c6be14-e4a4-4815-88d0-398ea0c4a0a8,ohman.expert,premium,,,54,80,6,,,
cc4d4b83-5400-41cc-b2f2-4493ef74f0b4,sadness.expert,premium,,,64,7,7,,,
65971924-c071-410e-935b-d0245ea564f5,springjack.expert,premium,,,56,72,11,,,
d7c11b0d-4b22-43d7-8dd3-394e767470ac,treebranch.expert,premium,,,66,76,11,,,
070eb5d6-43f3-468f-a6fb-e5166167b5c0,personaltouch.expert,premium,,,,32,14,,,
b3df41ea-656e-4f4c-bd9d-bb8116a7d463,visualisation.expert,premium,,,,20,13,,,
7b8847c7-75ce-4d84-b396-523ee2e346e9,Ziploc.expert,premium,,,78,76,6,,,
0b45f6bc-8cf0-4dc0-905b-36c1590d056e,slubberingly.expert,premium,,,44,72,12,,,
9f64a696-bec9-4c21-acdc-a758f59d75ef,reparation.expert,premium,,,60,80,10,,,
547466e7-c05c-4403-a1c1-c9b79bd61eb2,phosphorous.expert,premium,,,,12,11,,,
0e0ace54-02b6-4881-b42e-99ca1c7b547c,closethedoor.expert,premium,,,70,2,14,,,
10c145e0-9054-409f-976c-82a827a2cbf2,walkout.expert,premium,,,,80,7,,,
c128e8c6-d9eb-4692-97d8-a7d446767509,rugose.expert,premium,,,53,72,6,,,
ddf54ab9-bf9d-42f5-9f5f-04ee3d6326a8,latter.expert,premium,,,72,6,6,,,
43bfe2ae-2678-4e9c-be31-6dd31962548d,keymoney.expert,premium,,,60,68,9,,,
d3421000-b401-4b6d-90da-f9e4824439d0,telecast.expert,premium,,,86,80,8,,,
d0cc63d8-ba93-41a9-9af4-6874b75e4ea2,greatdeal.expert,premium,,,70,80,10,,,
afc4e520-0145-461d-85b0-8c897a7c21e6,wraps.expert,premium,,,,36,5,,,
cec61400-20cc-4f44-b27a-8721671260ee,keynoteaddress.expert,premium,,,48,12,15,,,
ba9a96c7-6c2e-4b4a-9944-67d52d6de184,HKpop.expert,premium,,,56,72,6,,,
3713b7f2-309a-4003-ac63-79ea36b42d1b,progenitor.expert,premium,,,60,80,10,,,
b80e6c61-355e-4778-bd09-27cb1ad53700,RoseofYork.expert,premium,,,,8,12,,,
1a3b46be-d0e6-4b85-94b4-37668e545762,degauss.expert,premium,,,79,80,7,,,
1a4958be-3e2b-475c-93b6-c845a538da11,carryovers.expert,premium,,,38,8,10,,,
cc2cd306-38f3-48a4-bc14-20ef67f5deb9,trueweevil.expert,premium,,,54,72,11,,,
46fdf612-d824-495a-b0f7-670d048a9d37,audiomining.expert,premium,,,54,8,12,,,
60372340-bea8-4652-b55d-0c56f53ff736,continuousclock.expert,premium,,,54,72,16,,,
aad73054-c17d-4eef-83ad-d91a4aacb116,moneylending.expert,premium,,,62,80,12,,,
40186b6b-4c74-4cb0-8c06-5c16e9d2d20b,displayadapter.expert,premium,,,40,8,15,,,
d8e9f6a0-0153-404d-8d74-16f78e67356d,commutate.expert,premium,,,60,72,9,,,
75fcbce6-beea-4808-b256-aef647ded555,tartarsauce.expert,premium,,,,2,12,,,
e8171deb-9be7-4b24-96cd-6d32858643ab,canesyrup.expert,premium,,,60,72,10,,,
a0518e4c-cbdf-4575-a548-a195cab394c3,whiteshield.expert,premium,,,58,80,12,,,
6627a1d3-a2ba-4552-9297-7cf9555c2faa,durability.expert,premium,,,60,76,10,,,
99be9999-ba62-4e80-a987-7fc59ab5e0a1,Capulet.expert,premium,,,66,84,7,,,
ca154eda-ff45-4e35-8e0c-42124926cf5b,dangle.expert,premium,,,88,76,6,,,
2017209d-b353-415c-bc0a-df87ee2b51b1,swordplay.expert,premium,,,62,80,9,,,
50a07f49-7814-4f4c-bb53-99d39e4a9434,hijab.expert,premium,,,64,84,5,,,
7ddb8864-d75d-4ca1-8f83-b3be6373743f,standin.expert,premium,,,58,72,8,,,
78624813-1ec6-4467-a9c2-9500fc3cae60,semantic.expert,premium,,,72,76,8,,,
c723fdec-6bd9-40f8-8853-297c4785d77f,tussaud.expert,premium,,,62,72,7,,,
88ef7b8b-e090-4066-aa13-6b5a444c3c75,decisively.expert,premium,,,60,76,10,,,
d0fee0d2-a683-426f-a68d-decde4e90591,teenaged.expert,premium,,,60,72,8,,,
38506a95-bd67-4cef-9cb1-4583b260f821,escalate.expert,premium,,,66,80,8,,,
1c099e38-08eb-414b-809b-cea8edde82b4,crawlin.expert,premium,,,68,72,8,,,
cfed9a7b-bb8b-4f37-a527-55687104c961,albuminous.expert,premium,,,54,1,10,,,
d5d2d2fa-a093-4e13-a126-33d4b849b99c,fortnightly.expert,premium,,,86,76,11,,,
5c7baa17-5a1b-41f4-9217-df8e4bbbca75,repertoire.expert,premium,,,60,80,10,,,
139b62b5-265a-4398-90bb-114f62815109,statuses.expert,premium,,,,28,8,,,
15c1e691-4cb7-4bb9-85ee-fc03847e985e,lipoprotein.expert,premium,,,54,76,11,,,
041d7f48-2263-495c-a0b9-8be4721ec966,passionate.expert,premium,,,106,12,10,,,
d0ab2619-b0af-4209-8591-e2c9e38ce89e,friendmaking.expert,premium,,,58,8,12,,,
6b617392-33b2-47ab-8d68-7a1678a0b07d,battlebus.expert,premium,,,56,76,10,,,
a3b971ab-0df9-45aa-92be-420b1b44adf4,blowsnake.expert,premium,,,56,72,10,,,
1492166a-5779-4284-854a-ad65f4af45b4,hoodwink.expert,premium,,,78,76,8,,,
d639a8b6-515f-4332-a848-c613facc00c8,depicting.expert,premium,,,58,76,9,,,
9930cb40-97a7-4571-a6c4-36711036607f,conversely.expert,premium,,,54,76,10,,,
9e7bb473-08b1-4888-81c1-e7cc34e3a9dd,calligraph.expert,premium,,,62,76,10,,,
f4965626-f5ee-4ef5-8952-e4f352d29b65,youdrive.expert,premium,,,64,84,9,,,
59335d80-72f9-4834-b396-e85d3bd68175,hardlens.expert,premium,,,42,72,9,,,
c0433085-597b-40ed-a1ab-edb2448550de,GornjaVrba.expert,premium,,,44,72,11,,,
e307fbf5-9e52-4499-bbb1-f5a519c57177,gooey.expert,premium,,,58,88,5,,,
1358adfb-a7bf-4cc1-96ed-881db5cdccbc,swage.expert,premium,,,76,76,5,,,
78cad7cc-2391-4ea8-845a-81fd7a118130,Gretchen.expert,premium,,,56,84,8,,,
fbff99ac-153a-4e7f-925e-bdccbd06d05b,Frenchbread.expert,premium,,,58,76,12,,,
f5a38c6d-bbf1-46ac-902e-b0c3486131c5,coolerheadsprevail.expert,premium,,,50,72,20,,,
d684b120-790c-4973-9654-330fa1732bec,disparately.expert,premium,,,42,72,11,,,
005473b6-d0ed-4028-b6a6-81b7a1bd78e6,lipsticks.expert,premium,,,42,16,9,,,
68a53d37-7492-4c2b-a72e-e3ef432693bc,actionhero.expert,premium,,,74,76,11,,,
8984a0e9-abbb-4d0f-97de-73f1b1f72f39,shortfor.expert,premium,,,,76,9,,,
da1c8f22-dd17-4667-b281-258da6eb50c1,lansing.expert,premium,,,52,84,7,,,
278b1fdf-df1c-42c3-9de7-e1f21d1c81b8,ribband.expert,premium,,,60,72,7,,,
fb4df67e-5f70-4af7-a132-34fdcda26e28,Remington.expert,premium,,,86,13,9,,,
098370fe-6bde-404f-b0a7-7074de3f8421,nipandtuck.expert,premium,,,82,76,12,,,
8b6def7e-ea72-4c97-a312-b0dcd5d18066,countycourt.expert,premium,,,68,1,12,,,
5f2d7e3a-d704-4afe-ba0a-c6306924a51b,clearsightedness.expert,premium,,,64,4,17,,,
151e888f-4220-44b1-895e-06e17ffbf7ef,Tonawanda.expert,premium,,,44,72,9,,,
1358f91a-07c9-42af-a9a5-6e9f253e629b,browncup.expert,premium,,,54,76,9,,,
609a3b5c-cbaf-44df-9629-922b9130a019,InmanMills.expert,premium,,,36,72,11,,,
733d9740-1be4-4c38-bb5f-48ce4d1dea62,supercommon.expert,premium,,,54,68,11,,,
0697ba89-73b1-4c3d-a4fd-620839c4dc49,ipod.expert,premium,,,78,84,4,,,
13a0e53b-0b90-466a-9830-2d27c1cc9c7c,comparison.expert,resell,,,64,80,10,"GoDaddy.com, LLC",13/05/2014 14:47,13/05/2026 14:47
48806078-6cd7-4e18-972e-11e99d60c0a1,sutras.expert,premium,,,,36,6,,,
51f72944-2231-49ab-9c97-f86288dde9d4,armedpolice.expert,premium,,,50,8,12,,,
454e503a-c1f8-44f7-a644-57eb36de9635,playathon.expert,premium,,,70,72,9,,,
73897a14-756e-41ba-8d3f-d4e8b606671f,staff.expert,premium,,,98,27,5,,,
6ec1c7aa-2def-4f93-a37d-74347117b929,engagingly.expert,premium,,,52,72,10,,,
6424060d-1a96-4ce6-ae1d-48231346954a,camera.expert,premium,,,78,23,6,,,
b3993bf7-277a-4d09-8405-2246dae72e35,carburetter.expert,premium,,,56,72,11,,,
6cc130b1-5708-4225-89f4-a5a87918f443,builtintype.expert,premium,,,54,72,13,,,
93e0978a-a747-42db-b53e-666c14f6f1d8,enplane.expert,premium,,,62,76,7,,,
0b6a9155-82aa-4fcb-a167-74003a2ce283,anyandall.expert,premium,,,42,80,11,,,
29070859-ed9b-4fa3-bfd8-c97952118559,stgeorge.expert,premium,,,64,84,10,,,
9f254d28-a7fb-431e-af03-67eb5017287a,typeIerror.expert,premium,,,,72,12,,,
7ffeb5e6-f726-4011-a887-c3096158798c,capitalaccount.expert,premium,,,56,72,15,,,
c356a378-5931-432b-b8a2-2b49a108196b,mechanised.expert,premium,,,56,72,10,,,
37eb73b8-c49b-4b15-af80-7077af3cb770,matchpoint.expert,premium,,,56,96,11,,,
fe50002c-d688-4812-ae66-f76fb55e2fd9,GermanEmpire.expert,premium,,,56,1,13,,,
6f20b4b3-353e-4c7e-8ecd-c0f435ffe482,germany.expert,premium,,,70,4,7,,,
0024ffea-94d8-454e-873a-727b11916131,buzzcut.expert,premium,,,62,88,7,,,
7f5129d4-fec4-45cf-9d08-6bb4f9ad0de5,warrant.expert,premium,,,90,10,7,,,
951153ab-815f-4a76-ba5d-20c7c8f2a47b,adinterimcopyright.expert,premium,,,34,72,20,,,
59fe0faa-37d4-4d71-81b5-ba87441ae173,NewVirginia.expert,premium,,,,76,12,,,
9410218e-193c-4e46-9eb4-c7ebc71106e1,houseofmirrors.expert,premium,,,58,80,16,,,
4197259e-d3e0-4f7f-929d-a0b48a15ebe9,vulvas.expert,premium,,,,12,6,,,
29667b01-1ea6-4804-9c74-64450c1974d3,pedicurist.expert,premium,,,60,76,10,,,
9be3318a-d486-43e2-8977-5bc7cf367b69,organization.expert,premium,,,,14,12,,,
5cb92d83-695a-48a2-853e-916fc44045e2,nightspot.expert,premium,,,,72,9,,,
f711a5bd-55a4-4c4f-8901-c087a2d9dbd0,sloughy.expert,premium,,,60,72,7,,,
07dcd804-8fbc-4b34-acca-c0bc311ed371,bookmark.expert,premium,,,86,88,8,,,
9f3ab8f4-a67a-4109-ab5a-e9420a061345,takeaflyer.expert,premium,,,,12,12,,,
1668df09-40d5-4297-bbff-0126834df2db,cherryBakewelltart.expert,premium,,,76,72,20,,,
bd2d759b-79ea-4323-b6bb-c4d4bd8f3bd1,missthemark.expert,premium,,,66,72,13,,,
df79c5e2-901a-421e-b4fb-30eab4558e6b,USBadapter.expert,premium,,,62,72,11,,,
364fd1cb-2cb9-4b88-8b3d-a27d143106e1,wheedle.expert,premium,,,80,84,7,,,
95ec37bc-505e-4c98-8e34-414a60bfeeff,allfiredly.expert,premium,,,44,72,11,,,
29a31642-302c-44e8-a3e8-1453f30db0a2,melon.expert,premium,,,85,80,5,,,
03ecef24-680d-4dfc-b34a-7a62e0f1dea6,succulence.expert,premium,,,60,72,10,,,
6ef1c767-2c24-4c2e-8f29-c011f8a79724,makeinto.expert,premium,,,72,1,9,,,
289e173f-0d83-458b-9734-2cce6f24d9c7,ringdoughnut.expert,premium,,,72,72,13,,,
1691a385-209f-4676-877a-3c52179917c9,Westarctica.expert,premium,,,48,72,11,,,
9120c642-e217-4ea9-9968-45fc8264b08e,fuelled.expert,premium,,,48,44,7,,,
60cfc245-b56a-405d-bf8d-5b27f43cdd8a,adviewed.expert,premium,,,32,4,8,,,
779804d5-1a7e-4f70-a2b1-f72f2a251aff,closetiled.expert,premium,,,54,72,11,,,
eb8f5fdd-4476-4a55-8f21-96645f825893,eventually.expert,premium,,,56,80,10,,,
30edd1cc-5b53-4205-8cde-f9f248f2c791,monarchism.expert,premium,,,58,72,10,,,
1a890f51-02bc-47db-bc78-cc46d2f69122,hero.expert,premium,,,76,44,4,,,
03fde47b-9d88-44ab-830d-5d057d54938e,onlychildren.expert,premium,,,,16,13,,,
2a715273-4abf-4535-9fc5-05ef6c58ac8b,Cadbury.expert,premium,,,56,76,7,,,
b65182c6-0032-4521-a6c5-13ed52b7f69d,firstinfirstout.expert,premium,,,60,72,18,,,
d0e3e7cb-38ca-4db0-b7a8-f440616580cd,multiplied.expert,premium,,,58,76,10,,,
4adcdb15-9e99-4ba7-9349-8383c89cde64,spectrometer.expert,premium,,,52,76,12,,,
5bfa9450-95c8-4006-ba4f-17d2a1796549,holeinthewall.expert,premium,,,54,80,16,,,
83385e47-38d5-42df-9bcd-c3399d953cc8,intermarrying.expert,premium,,,56,72,13,,,
097221ea-477f-43ea-9f06-a2d7a940e83d,atomicmassunit.expert,premium,,,60,72,16,,,
c4f609bc-3320-44e2-892a-a6a0832a7905,bitplayer.expert,premium,,,54,80,10,,,
2fe608b4-36bc-4df5-8374-1b8632c57da2,landsite.expert,premium,,,56,72,9,,,
fd19eb61-b69a-4932-b7fa-9416fc2c4555,coalesce.expert,premium,,,58,88,8,,,
2081e1c5-6add-48be-a254-09504394bfb2,retested.expert,premium,,,,8,8,,,
ab4df02e-3b5d-4368-a4f6-db789721dd0f,endoftrain.expert,premium,,,32,72,12,,,
e9e9e79a-30be-45d5-a48b-158638567498,photosynthetic.expert,premium,,,52,72,14,,,
cf72c9b1-bdeb-4419-8f1c-69b571eaea57,SonofMan.expert,premium,,,,40,10,,,
b8e7ac8b-a64a-413b-a6c6-ff0261af9cbb,voicepart.expert,premium,,,56,72,10,,,
8baf2f91-8ae8-43e8-935d-0c691a78f103,oratory.expert,premium,,,62,80,7,,,
16a97a67-14c6-47e5-b341-6f827213b56f,leigh.expert,premium,,,52,84,5,,,
1207fe18-31aa-410a-a9bd-a70b58c17fe5,backstretch.expert,premium,,,70,3,12,,,
dd63d155-eefa-459a-ae62-6ecd89e75ff5,venison.expert,premium,,,66,72,7,,,
ea7b8d8f-739e-4de7-8785-4ba8183ddce9,radish.expert,premium,,,78,84,6,,,
efa87d38-112c-4471-a0b7-b917be56da19,carburetor.expert,premium,,,54,72,10,,,
658962f2-dd19-4bd6-b280-9706799c99a7,Melburnian.expert,premium,,,74,72,10,,,
4b2def38-2bf0-4e88-b9e7-03a342576000,settomusic.expert,premium,,,,72,12,,,
e8cbc248-9390-4d46-92ba-58c27c747956,boxlevel.expert,premium,,,38,72,9,,,
1bacd0a3-a2a0-467b-a3eb-01c5d1d78f25,msakhan.expert,premium,,,66,72,7,,,
83a73a48-a5da-4c30-b55a-d401085d5c5f,worldlanguage.expert,premium,,,62,72,14,,,
a54417c7-64f3-4780-8fcb-83ebfab37f82,gothewholehog.expert,premium,,,66,1,16,,,
8c6c5cc2-8be8-485c-820e-e7e568c3677e,waitingperiod.expert,premium,,,54,72,14,,,
56511f17-6259-4465-a9bf-87648c1cd943,nieces.expert,premium,,,,20,6,,,
feed6c96-9611-4529-b249-98f4ff471ec0,puggle.expert,premium,,,82,72,6,,,
268b0689-459e-414a-af65-f57d71290635,iconoscope.expert,premium,,,60,72,10,,,
22c4d5c6-a02d-4585-96b5-45ba5044a2a2,lifetelling.expert,premium,,,58,72,12,,,
e496700a-08dd-4c37-bfc3-3542d4753dda,easeoff.expert,premium,,,68,72,8,,,
6478ec6a-3bfe-4f26-a43a-59f84cbcb684,Westmill.expert,premium,,,50,72,8,,,
417e9986-839f-4e12-a9b0-ff4dd319eefa,subtle.expert,premium,,,70,17,6,,,
101987de-2a51-4f2a-a7ec-8ff57c327539,cowling.expert,premium,,,54,72,7,,,
ce29726d-dea1-429b-a5eb-cfd4ab9cccac,Europop.expert,premium,,,58,20,7,,,
ddbc6ada-856b-43fa-b55a-c0ea60b9fc9c,bazinga.expert,premium,,,84,84,7,,,
9f456364-119e-43ff-8533-2f9785d530b5,MillEnd.expert,premium,,,46,72,8,,,
75530da5-e817-4486-83a8-4ef6b888e752,inthewakeof.expert,premium,,,50,1,14,,,
288a93a9-38d1-4668-9fe5-c3013e4c3b96,wanting.expert,premium,,,84,7,7,,,
078d4b43-1d6c-4122-87de-4fae9eeae688,sexbomb.expert,premium,,,58,76,8,,,
fe22c218-5b53-49be-82ba-034869cd4f0c,violinist.expert,premium,,,64,84,9,,,
e6d33faa-5005-468f-8250-e62fca3bf5b0,illusion.expert,premium,,,68,17,8,,,
4eaee43f-9d45-4dc1-b5aa-238f116d3fb3,Lorentzfactor.expert,premium,,,56,72,14,,,
972fb9f7-dbdd-4895-8d52-e9550b7947cc,nightshirt.expert,premium,,,60,76,10,,,
e55532a7-1245-4762-aff0-c12cbea87fbb,achievementquotient.expert,premium,,,58,72,20,,,
2f92e6b5-ef26-4dbd-bc70-e70e5886e632,circuit.expert,premium,,,90,28,7,,,
5640c3c3-7cb2-472d-a974-bb869ec131f3,melodic.expert,premium,,,72,84,7,,,
025cb09c-9420-464c-a02c-4287e804b0a3,ironbluefly.expert,premium,,,36,72,13,,,
6229273e-8d76-4d65-a4f6-eeddd648c321,OCspray.expert,premium,,,,8,8,,,
90751079-98ec-418e-9809-6675d6f2f1a9,Canadianfootball.expert,premium,,,68,72,17,,,
0bc4ace5-0fc9-486c-8b71-3fa0e9efa451,nestlike.expert,premium,,,58,76,8,,,
f60565ca-91c9-4a1b-aacb-0e68c0ac8f60,hacksaw.expert,premium,,,82,80,7,,,
14a18fae-49a2-48ed-bd78-d726f0281388,collision.expert,premium,,,60,15,9,,,
a5ba8e15-a9e3-4abd-86a6-ead95d0d7af6,opticalfibre.expert,premium,,,,16,13,,,
add16795-5059-4ae5-917b-c14bfafb4b6d,successively.expert,premium,,,,0,12,,,
c76ff68f-64df-43dc-b400-18eb9a57379e,palettes.expert,premium,,,,36,8,,,
b39f402e-1822-4161-98a8-3797e8d3387c,habanera.expert,premium,,,58,80,8,,,
37e7c85e-6076-4885-a410-b1181936c849,flu.expert,premium,,,62,12,3,,,
d791d385-abe4-4543-a492-3accca783b03,pursued.expert,premium,,,68,76,7,,,
77d1bedd-4979-4a21-84ae-1c3a56a0aac0,flattened.expert,premium,,,52,68,9,,,
9a5277dc-7569-4d70-9612-935e053dccae,comprising.expert,premium,,,36,72,10,,,
765290df-e0ab-4adf-91b2-0a23129fd678,carrying.expert,premium,,,70,3,8,,,
fe3b477d-405a-41c4-a372-fb8a780ef04e,minah.expert,premium,,,50,84,5,,,
79bf01fb-9f9d-4570-b222-b0f4b59aa9b0,clients.expert,premium,,,58,20,7,,,
703f1edf-03e1-44ba-9c68-f94e65d23047,condylic.expert,premium,,,48,4,8,,,
ef11640a-6be3-43d8-834b-c309ea126f2a,Kitts.expert,premium,,,52,80,5,,,
90673438-788a-4deb-b5bc-698e2b349852,barbarous.expert,premium,,,40,1,9,,,
20cc5184-ebbf-42d6-b54f-636f865ef277,boxer.expert,premium,,,86,12,5,,,
bfdaa82f-bad0-4b94-b74f-922faba360fc,brownbaggers.expert,premium,,,38,8,12,,,
489a2607-824e-4b8c-8fda-b359d2324529,gremlins.expert,premium,,,40,48,8,,,
5974d304-c63e-4fb4-9ec4-cd5ce632c905,adjustive.expert,premium,,,58,2,9,,,
e8aa2327-6c43-43d2-aa95-4b2d6df3922f,mint.expert,premium,,,72,38,4,,,
e22fb884-4182-4d7b-90b6-ee9383ce88be,rubyanniversary.expert,premium,,,64,72,16,,,
0646040d-1990-4474-9708-2e8983de8cd4,placard.expert,premium,,,88,80,7,,,
06e1087c-db2a-44aa-8881-455b66e73a37,jaywalker.expert,premium,,,53,88,9,,,
9258b338-33c6-4f77-9cd3-1ad3cd3a167e,uponthewhole.expert,premium,,,,1,14,,,
bbe51dba-71a7-4d68-977e-ec8561e53b80,kigali.expert,premium,,,62,80,6,,,
ab9fe7f2-ac1c-48ea-958f-c0e31b63c9bd,beamlike.expert,premium,,,52,72,8,,,
cdebb5b4-1fc1-4a05-b98a-cfdba1e08c04,guidance.expert,premium,520,520,64,76,8,namecheap,,
8845eb3a-f5d6-4982-9029-01a6d8eec740,natator.expert,premium,,,56,72,7,,,
8509b341-fbea-40fd-bebb-ecb4063246e1,harvesttime.expert,premium,,,64,76,11,,,
b4dc442c-013e-407a-8cbb-83535c99dca9,hillcountryblues.expert,premium,,,60,72,18,,,
0dc287c4-b393-4d70-9d33-987f922e52b6,elfette.expert,premium,,,64,72,7,,,
16e14e04-ee7e-4e63-a8e7-22b62e7c48bb,statutoryholiday.expert,premium,,,62,72,17,,,
9f076b05-82b7-4403-9388-5f5f4f814b03,WestFalkland.expert,premium,,,,72,13,,,
38e28d20-ba29-4660-8687-73ba9b355668,knowsomeone.expert,premium,,,68,8,12,,,
5d1e594c-3409-40c9-b7e2-1d5150aeb1e3,atsixandseven.expert,premium,,,62,0,16,,,
b3347d5f-ce5e-42b2-b0ba-f9d1b5136976,bucketful.expert,premium,,,54,76,9,,,
d5fcd5c0-de71-493e-b46c-18e22f07ec8b,publicconvenience.expert,premium,,,56,72,18,,,
f01d712f-e76c-4e9d-aa74-a8117eef9552,significance.expert,premium,,,,76,12,,,
181ade1f-abc0-40a3-9e46-bc41f1bc6629,gavebirth.expert,premium,,,48,4,10,,,
9617e28c-170b-422f-9f68-7c344cab0534,jollywell.expert,premium,,,60,72,10,,,
437b3a27-c046-44e2-a335-af7280fa39b7,electricfire.expert,premium,,,56,80,13,,,
6f3ded85-e368-42aa-b13b-f05e13ec6a82,interlard.expert,premium,,,58,76,9,,,
73289223-0f7a-4c0d-b6d4-102b490ff921,cannister.expert,premium,,,58,72,9,,,
f06cd1d5-06e4-4d2e-926c-5e4e3ec20c39,canoe.expert,premium,,,98,13,5,,,
9733f0cf-9a4a-438e-8dc6-4c7855e38f49,ventral.expert,premium,,,76,4,7,,,
df5030df-9050-4d93-8c0b-bd1d57c9f8d7,commotionlotion.expert,premium,,,54,4,16,,,
bb967dcb-7a5f-4c13-9b5e-6c730d6568dd,riverport.expert,premium,,,,72,10,,,
27bc7a04-e119-4ed7-9c0e-3a44120fdb14,ventures.expert,premium,,,,40,8,,,
6232f67b-06e1-42ca-83ff-b1e0b59cc264,splitsquat.expert,premium,,,56,72,11,,,
b56fc921-a6ce-45f0-8e27-fe787483fe84,bambino.expert,premium,,,68,80,7,,,
f643f1dc-66b0-4bae-807f-9d3133cb4d47,facefirst.expert,premium,,,48,72,10,,,
f06132af-809d-4589-a025-55089b8ae87d,tennessee.expert,premium,,,74,84,9,,,
8575c42a-5dc3-40c2-bdcf-2593567d0232,surmountable.expert,premium,,,66,84,12,,,
1d52d2ea-7758-4d6f-801a-6bfc27a116b0,pedalcycle.expert,premium,,,60,72,11,,,
d0852720-66fa-490e-b6b2-0883105fa327,languor.expert,premium,,,78,76,7,,,
2f0b0a41-7eca-4b58-87ba-02ee2567d646,unsynced.expert,premium,,,52,72,8,,,
4ad81718-96ca-4cbd-874d-887beb69b1ec,BigSioux.expert,premium,,,50,72,9,,,
3ec949b7-c66d-4f34-a32f-428a4bcbe9e7,rugged.expert,premium,,,58,80,6,,,
eaa721e7-d0f8-4d9c-aafe-7a2052b9e99c,watercress.expert,premium,,,56,76,10,,,
2e4dbe51-8aff-4555-8315-1e38ad7f83a0,carageen.expert,premium,,,56,72,8,,,
fec343b5-fd4f-47ae-a6d1-465e216c389d,stony.expert,premium,,,54,88,5,,,
50b2398a-8eb1-48e9-a529-d6dcb229cf75,linen.expert,premium,,,60,84,5,,,
2f832203-3e45-4a17-8b9c-5a08cf889fb0,triceps.expert,premium,,,68,76,7,,,
800869e0-a22b-49c7-90d4-924bc4b8bfb9,prorates.expert,premium,,,,16,8,,,
70e823f3-b328-4dae-9cf0-f055a6beba56,missive.expert,premium,,,74,80,7,,,
e4b263dd-1961-410a-9cd9-93297b6c0ba4,meandthee.expert,premium,,,44,5,11,,,
8ad11f86-0b4f-448d-bda2-4d6f9809d0fd,insufficient.expert,premium,,,54,3,12,,,
a190cdcf-a4e8-4112-a1f5-2d7795e35276,Opals.expert,premium,,,56,80,5,,,
96e7c0d7-eb87-43ac-88eb-31319c785038,agooddeal.expert,premium,,,54,72,11,,,
da73174f-0ddb-4f1a-b2b4-f3542e9b5cdb,livinglanguage.expert,premium,,,60,72,15,,,
6b5e5a94-489b-4a94-aad8-86d377f82bd4,Shetlandwool.expert,premium,,,,72,13,,,
97c98260-1335-4b11-b10b-936e45651c12,seafoamcandy.expert,premium,,,,8,13,,,
b34b4c46-16df-4a5b-bda2-5e9320e07a8b,chambermaid.expert,premium,,,58,68,11,,,
96bbb3c4-ff0e-473a-8cb2-a7d8bc88a501,dripped.expert,premium,,,42,40,7,,,
49b2abf0-ae55-4e14-a47c-7e79f8743e38,villagefair.expert,premium,,,68,72,12,,,
ebe6d67d-0f5f-45e6-a088-d1d036f55387,intubate.expert,premium,,,58,76,8,,,
48e00926-581f-4d56-91d7-14e491cd391a,deepsupportingfire.expert,premium,,,40,72,20,,,
10247bdc-b10d-4454-879d-1625b101d6bd,assembling.expert,premium,,,58,76,10,,,
d110fbc0-befc-464a-bbb9-46d0065c1706,callitanight.expert,premium,,,56,72,15,,,
a24edc66-89a7-4dba-a5eb-060603c53c0b,lookoneself.expert,premium,,,40,72,12,,,
b902b4b9-4556-4268-8a73-959fb4bb5ff5,cabletie.expert,premium,,,58,80,9,,,
36a0745a-d518-418b-9dd4-d9f5257a7a0a,expands.expert,premium,,,50,16,7,,,
ccc9491d-34ea-4847-9af1-1a621e9b86e3,fashionwise.expert,premium,,,62,8,11,,,
cdc8fbe3-e360-4c4a-bad7-caaf5c13d171,zouk.expert,available,54.98,,88,88,4,namecheap,,
2294b272-5f71-47f0-909c-3e1cd722b18c,cornering.expert,premium,,,60,1,9,,,
234b9bb6-8db6-4ca9-b166-e57523a9b816,Tbone.expert,premium,,,84,84,6,,,
46c7916f-2275-47fa-844f-3c2dcf489676,boxprofits.expert,premium,,,44,72,11,,,
62c41b56-994a-49f0-ad6a-ae8bc8e9c243,Cononie.expert,premium,,,50,72,7,,,
004d6e30-eb20-4ab1-848d-4c7ed3c6fca9,putitthere.expert,premium,,,,1,12,,,
18c12cca-6b47-4cd6-a32e-cdbd56d2aeb9,bonfiretoffee.expert,premium,,,66,4,14,,,
4d5dba20-0316-4a45-802a-d9da74bf1276,recognisable.expert,premium,,,76,1,12,,,
04d6a962-8fd8-4306-a9d9-09d993a80139,revivalism.expert,premium,,,60,72,10,,,
ffa66185-7154-4ab9-96d5-f4f9cd510712,jackhammers.expert,premium,,,34,24,11,,,
ef52f1ca-d6cd-40b7-891d-b6ff79adf803,chalupa.expert,premium,,,60,84,7,,,
d3f4d8f0-a08c-489d-bee9-60009d8024dc,superanalog.expert,premium,,,,72,11,,,
b3ab4d01-c89d-4dab-82da-33a806ade179,ChineseIvyLeague.expert,premium,,,44,8,18,,,
15220826-ab96-4781-9293-7307e06723dd,kgb.expert,premium,,,74,15,3,,,
5a54ba16-fce4-498d-a623-b7ed56630bf9,LowDutch.expert,premium,,,46,72,9,,,
a4f3b0ec-29ac-47e3-b6a2-42a83b910d7c,carny.expert,premium,,,78,80,5,,,
0de96e8c-5ef7-405a-83e3-c9c36caa22c5,ferrous.expert,premium,,,52,80,7,,,
8f9d1e4f-4005-4a90-b10a-b090b3470864,demonstrable.expert,premium,,,76,76,12,,,
37b977cd-7b91-4c09-a3ec-0feace003256,cafeteriabenefit.expert,premium,,,46,72,17,,,
6d561064-ab35-4f83-809a-85bd0cfda59c,laughingjackass.expert,premium,,,58,76,16,,,
a9d397dd-8369-4520-8b0e-55f88fd28b26,tackon.expert,premium,,,64,76,7,,,
235e0314-7455-4e95-bde3-72a48c0c988f,billow.expert,premium,,,54,84,6,,,
22c779ac-b360-45a6-ba24-51639d3f3f2f,bagger.expert,resell,,,60,84,6,IONOS SE,08/11/2014 19:16,08/11/2025 19:16
e43f6184-96e0-4186-85e5-7ca9da4fb340,surfacemining.expert,premium,,,,8,14,,,
9182fade-57f9-4907-9855-99fe0b847131,holdthephone.expert,premium,,,82,84,14,,,
69f313d6-69a4-4df5-94dd-3658cf8cf6e4,goosefoot.expert,premium,,,56,72,9,,,
913b1b16-8de0-4534-b24b-3a88bf10f9f5,enrolments.expert,premium,,,42,8,10,,,
c2770c85-6e34-4b8e-9e26-6908011fbc5e,closeoff.expert,premium,,,70,1,9,,,
1be9aab3-db32-4978-b8ba-0619659cdf27,messagequeue.expert,premium,,,54,76,13,,,
29459738-85c6-416b-97ad-db14b92d990c,dothehonors.expert,premium,,,70,8,13,,,
2732f463-36d4-44e4-a65e-6f93d9bb340f,CooterBrown.expert,premium,,,46,72,12,,,
e9f5a324-c8cd-46f2-ab94-db1e9ec0e912,bowlerhatted.expert,premium,,,48,4,13,,,
10b1914a-ac83-4dfc-a826-95f4a09a94fa,offoffoffBroadway.expert,premium,,,72,76,20,,,
b39ca6d2-7f62-4889-b0cd-fa1f9fee2b83,makehaste.expert,premium,,,74,1,10,,,
3a2459ba-0495-4f42-996d-0b8464a1e824,chimichanga.expert,premium,,,64,76,11,,,
79efbe33-eb53-4dd3-969e-ca69654d949d,possessors.expert,premium,,,,8,10,,,
ea8ca60e-379d-40b6-98b8-4589ca5bf914,softersex.expert,premium,,,,72,10,,,
f857c231-f7ad-4a77-a0f1-79a54955513f,halfhalf.expert,premium,,,50,80,9,,,
0c6374a1-79b5-4cc3-bfc8-aabe26ca0acc,geese.expert,premium,,,42,84,5,,,
787c6475-272f-44c1-a624-d85fdddba375,vizors.expert,premium,,,,12,6,,,
af91787f-7c57-4653-bef1-a67de7843b1b,Consall.expert,premium,,,50,72,7,,,
6edb7227-1077-4102-adbf-12a35ad4f9b7,spooling.expert,premium,,,52,76,8,,,
82a1a0e1-dd98-48e5-9d4e-3ba87f4a0484,KingsCounty.expert,premium,,,46,72,12,,,
a52df302-0b5b-418c-97cf-142d0958b470,delegation.expert,premium,,,68,84,10,,,
3c8e2768-e691-4d71-b2d7-f038e0d05cb5,ifandwhen.expert,premium,,,38,76,11,,,
8dc0b898-78f3-4a78-945c-4c11b0720451,doctorfish.expert,premium,,,62,76,11,,,
f789cd9c-63d9-4f8f-a68d-ca89325813c6,gohungry.expert,premium,,,64,2,9,,,
df66a2f2-ad23-41f1-8e5e-68c30f5ac82c,asifrule.expert,premium,,,32,4,10,,,
1559a8c7-1e04-448a-bd6b-6311bb7f55cf,haveyoumetme.expert,premium,,,48,1,15,,,
daa08273-e371-4aaf-a9bf-47e7bbee1d07,bittenthedust.expert,premium,,,36,4,15,,,
5bbf4985-d388-494e-8cb3-3247902278f4,relentless.expert,premium,,,54,88,10,,,
55cfc8d7-70d7-4509-988a-4c6056d5352a,existent.expert,premium,,,72,4,8,,,
4c81f118-45c7-4d6a-b9b5-2314ac659a69,honorsociety.expert,premium,,,64,88,13,,,
a93fccca-e40a-4a0e-9b94-e7a8c2365ccf,sweetgum.expert,premium,,,64,80,9,,,
1149c055-0d21-4fe8-9ff4-a395b92c8fa5,hangabout.expert,premium,,,80,72,10,,,
eb8762c2-063b-416b-9493-2be46e3144ab,Kitan.expert,premium,,,70,80,5,,,
deb540b5-3603-4b85-8ad6-8c75c3f2b5a5,gesture.expert,premium,,,90,68,7,,,
4cfe6a48-b026-41c0-ad6c-8cf60a8ebabf,unusually.expert,premium,,,52,72,9,,,
b0822196-e2e8-41f5-8061-f698869d8626,toothbrush.expert,premium,,,88,76,10,,,
844b3cf4-cc17-4a3c-b93f-bd23d234902a,brandishes.expert,premium,,,34,8,10,,,
347c0a8f-0ca5-4d72-9179-cda0284d0c7c,copperbeech.expert,premium,,,56,84,12,,,
6e590535-187a-4c29-8fab-9919360ef995,desiring.expert,premium,,,66,72,8,,,
00fe5dfd-8397-4103-9b6e-5e91a8bd4f79,ohGod.expert,premium,,,68,72,6,,,
dad544f4-c171-4f38-8869-7b212cd4be44,magnetomotive.expert,premium,,,50,72,13,,,
e0ff92ca-1a14-4edb-816c-05629f009b81,lessthanthree.expert,premium,,,66,76,15,,,
444c202f-5d46-4811-9ac5-9fa0d178a331,allhollow.expert,premium,,,56,72,10,,,
4178d3ee-dad1-4171-894f-3c33aa12c037,Himself.expert,premium,,,64,5,7,,,
b23131ea-0cb9-4c3a-b8f9-a7bf191ea150,retread.expert,premium,,,82,80,7,,,
0612a939-5a1f-42b6-86fd-824be41b02cb,plainclothes.expert,premium,,,,72,13,,,
c3ee3c52-e516-4fb7-b3f2-8856e4aaf70a,spokeswomen.expert,premium,,,,8,11,,,
f1a6dd0d-c55c-4a4a-bc8d-a59875b2ce27,tentative.expert,premium,,,81,6,9,,,
6a9324d0-34b3-49f6-9002-b6af2d5b4298,gooberpea.expert,premium,,,56,72,10,,,
45a35868-0190-4d90-823f-04d39469bbce,necessity.expert,premium,,,72,7,9,,,
7a99bd43-9425-473b-914b-99b514f35f7c,spraybottle.expert,premium,,,56,76,12,,,
ae75e6e5-a48e-4260-88bc-747ffeafeb76,stringbean.expert,premium,,,60,84,11,,,
1e49c7af-07d8-4a1c-af9c-5a4f82a4d54a,mordent.expert,premium,,,64,76,7,,,
57b18229-129e-490b-af0a-c0de2ac1ea11,fishtea.expert,premium,,,52,76,8,,,
44ac4796-391b-48d3-b0a3-fa7d38b4363b,unitize.expert,premium,,,64,72,7,,,
db632dfe-f3db-4355-847e-1a1c5e6f9eb5,shapely.expert,premium,,,64,84,7,,,
aa8f1bf7-b05e-4de6-a113-8788d28d86e5,motel.expert,available,82.48,,86,84,5,namecheap,,
21957ad9-88e0-4377-9770-cc1ccb17b377,jolson.expert,premium,,,58,80,6,,,
2a29571e-e481-4099-81e2-2e9097622875,WesternApache.expert,premium,,,,8,14,,,
b3f5e558-db28-4a04-833b-f9a209a1cb0d,abolishing.expert,premium,,,38,68,10,,,
5d94f5ab-d251-4f19-9564-e1b4732fedd7,Rudolph.expert,premium,,,58,84,7,,,
04fd003c-629c-46c3-8508-4ced2a41f559,ball.expert,premium,,,66,27,4,,,
5944ca5d-f5f7-47bb-a1e7-aeca18c86b45,esteems.expert,premium,,,46,16,7,,,
738655ae-6319-4051-a9ea-43cd2ed4d9b2,deserttreefrog.expert,premium,,,46,4,16,,,
5f2074c8-4892-4af9-9bc4-eee0b35db4f6,outdate.expert,premium,,,72,72,7,,,
692e9013-64d5-49e1-b234-37c5c7156719,termdeposit.expert,available,82.48,,60,72,12,namecheap,,
a0763946-3880-4682-b4ea-91cccdd648bf,Nungarin.expert,premium,,,46,72,8,,,
3240b43d-cc0d-40ba-b9e5-4c6870d29d5e,dryasabone.expert,premium,,,50,72,13,,,
b31023f6-b869-411e-aaf0-986169ac2164,chimaera.expert,premium,,,58,88,8,,,
a69c4c6d-cfc5-4c1d-b656-19688a3b5516,pipecleaner.expert,premium,,,54,76,12,,,
5875809e-0229-4576-a3ff-d006dd7d6edc,schoolnight.expert,premium,,,64,76,12,,,
3858fe70-0375-44b3-9806-30b6410465ef,pegasus.expert,premium,,,68,88,7,,,
f93c9604-a6c0-4dc3-8714-f934a2bd4b6e,outgo.expert,premium,,,81,72,5,,,
2fe1b4ce-35a9-44ca-b944-fa9c679607ed,GreenGoddess.expert,premium,,,62,76,13,,,
f78c6413-7cc5-492a-a380-1932bd25f763,whitesalt.expert,premium,,,,10,10,,,
48ea9f23-5c7c-4b41-8ee9-a893322a3704,muletwist.expert,premium,,,,72,10,,,
7229706a-2f49-4a5f-aec7-a5ae38d0c843,grabgame.expert,premium,,,58,72,9,,,
b76adb22-e356-4c80-b0b8-a7a14b63a47c,solarflare.expert,premium,,,60,88,11,,,
867d31ac-c3ac-452a-9e6f-8078c6d8c145,lightens.expert,premium,,,46,8,8,,,
160b0e2b-eb05-4231-b7d0-a511a15519a1,dresses.expert,premium,128.7,128.7,40,10,7,namecheap,,
66e18328-a2b7-4939-9ee1-ca66d5946cc8,granddaddy.expert,premium,,,,76,10,,,
26d9ef44-0d6d-4e78-979b-a26cc3f6141a,bigname.expert,premium,,,64,76,8,,,
aa1d076b-20ba-4978-ba8e-8d9e5d7dabd5,bigheaded.expert,premium,,,58,76,9,,,
fb059464-f045-4140-8b84-47f513622d38,ghosttown.expert,premium,,,56,84,10,,,
dc592d43-9dce-4523-80d0-41569ee99aeb,baywindow.expert,premium,,,56,72,10,,,
be5fbed5-f0bd-4d62-878a-a00d5eb10c96,selfcontain.expert,premium,,,,72,12,,,
754862ed-4195-444d-ba96-36cc0589037e,goldengirl.expert,premium,,,66,80,11,,,
bae60b7e-4c1f-4cb6-999c-6fc40cb1039c,hitbatsman.expert,premium,,,52,72,11,,,
80ea7e79-8399-423f-9647-cf2e030615c4,wetchemistry.expert,premium,,,,72,13,,,
b98c76ac-2d86-48e5-b938-848e92dc68d8,empirically.expert,premium,,,48,72,11,,,
4434723c-db9c-40ab-85e7-ade8ffbb4d96,canapes.expert,premium,,,48,28,7,,,
5f24ba59-6a2f-488a-80bd-3d4907a6d4cd,likes.expert,premium,,,52,20,5,,,
5501f984-514f-4dfc-acfa-70356536f2b0,laketana.expert,premium,,,52,72,9,,,
4494f9bc-5920-4c09-a26b-27888910c59e,vines.expert,premium,,,,76,5,,,
09b0e231-aca5-4a6d-8107-b36a453381e7,moderate.expert,premium,,,102,72,8,,,
89b1d745-244a-4011-9c65-4ff42cc4d00f,divein.expert,premium,,,76,9,7,,,
9b1e7f7d-e1c2-4ea0-a5ac-b740702a3bdd,bunnygirl.expert,premium,,,60,76,10,,,
067778d1-721f-4c27-a8f3-01ce4ae71a63,phenomenally.expert,premium,,,56,76,12,,,
edefd403-7e5c-4c71-91c0-0c65f68016d9,holbein.expert,premium,,,58,84,7,,,
eb6371a6-9bc8-4bbc-8437-60c9e108e8c3,wideawake.expert,premium,,,52,88,10,,,
f5864329-1acd-4338-a344-9a12c5b7fc2d,monkeywrenching.expert,premium,,,52,8,15,,,
7f52a01f-8398-4ac1-b4a6-1a685ce3baa8,Chinesesnowball.expert,premium,,,44,72,16,,,
ee001de1-a62d-4729-b629-efc9e69c7fbf,Zaporozhye.expert,premium,,,46,72,10,,,
3b7ad269-ce22-41ad-9bb9-307d9a32e13e,accented.expert,premium,,,58,2,8,,,
ca26b019-6991-44b8-8dc0-50067a928015,eatwhatyoukill.expert,premium,,,54,76,17,,,
0af3ca6f-7b37-4a4a-b13d-e75ca4c87473,contemporarycircus.expert,premium,,,62,72,19,,,
a2ea5f16-d1c0-47d1-bb9d-1ba2d739a967,buglecall.expert,premium,,,60,80,10,,,
bd19d64a-85a5-4ff2-aaba-47a1170b1098,hornedadder.expert,premium,,,58,72,12,,,
b50408e2-29d6-49b1-87f5-8ab2768dd26b,egypt.expert,premium,,,64,80,5,,,
7c8cd121-8f02-4c53-a6c1-d9bf68f74d5d,judges.expert,premium,,,62,7,6,,,
f8ff85ba-63ff-4c90-9484-35ab616333ae,onewomanband.expert,premium,,,,68,14,,,
87dc9aec-a991-483a-93c3-b40ae0db4b08,weighingmachine.expert,premium,,,56,72,16,,,
f2c9ba5e-11cf-4cf8-aa5a-735e08c0d8aa,Francophone.expert,premium,,,74,68,11,,,
0e96fd43-a83a-4b0c-8a09-686bdc4f4137,alabama.expert,premium,,,90,21,7,,,
7a62e942-0fc5-4884-af10-7cf06f2c2c0d,anonymous.expert,premium,,,66,36,9,,,
90bf8034-64de-4f2b-b1f7-13061438c3da,dickens.expert,premium,,,72,9,7,,,
6b5ecaf7-58b3-4e67-a76f-b556d039f72f,seventhart.expert,premium,,,,76,11,,,
124f6970-247c-41b3-bdac-761f5738d10f,historical.expert,available,11.99,79.99,88,12,10,name.com,,
81bc56c1-f633-4fd9-b411-3959b3218931,trackmagnet.expert,premium,,,62,72,12,,,
b123b58d-5a06-4305-8c4e-372346d167a1,churchill.expert,premium,,,50,84,9,,,
10688e5c-7c45-424f-a661-7cccc390245c,informationmodel.expert,premium,,,56,72,17,,,
f19b67d3-a8c5-4dce-a681-2c6928f88570,dayroom.expert,premium,,,64,72,7,,,
492a5240-1150-40d2-a6a8-c6fb59e186bb,brightenup.expert,premium,,,70,76,11,,,
9d1e8f71-e203-4fdd-af8c-b6f1a1ad6bc5,yellowbrickroad.expert,premium,,,64,84,17,,,
642b44ae-f707-486b-890a-2f33eab95129,powercharger.expert,premium,,,58,76,13,,,
1a2ce67e-4032-4790-b98b-5acb776448c1,monitors.expert,premium,,,54,40,8,,,
6b641837-7caa-4cc5-bf37-7a15ded1bc1a,mostanend.expert,premium,,,,72,11,,,
563053a9-ab09-4b1e-bd63-ea1a9597f32f,layaway.expert,premium,,,72,80,8,,,
d4bbf980-1d3d-4a1f-9a7c-e54d5bf738b5,muchappreciated.expert,premium,,,66,72,16,,,
2c325f7f-3a5c-4de5-98c3-357a6dd051cd,dramatics.expert,premium,,,60,72,9,,,
4fa719e0-80d6-4973-84b4-a4a728802848,buttylark.expert,premium,,,36,4,10,,,
9b622a48-2554-4411-9126-8773a4c438b9,bailbond.expert,premium,,,52,80,9,,,
d13a5097-b9e7-4f28-bfa0-9fb6ee55c514,becomingly.expert,premium,,,50,72,10,,,
8b0e20f3-fc2f-4fbc-a086-db4b687d6a3e,ringfence.expert,premium,,,82,76,9,,,
59661c9e-28ea-4f4a-aeb1-0d3de064e5b2,NUWSS.expert,premium,,,50,72,5,,,
0b0e930a-dbab-4c02-9a72-38237dfb6255,garb.expert,premium,,,88,84,4,,,
5cbed72c-7867-4937-92a2-638bc11e86a4,reefer.expert,premium,,,58,84,6,,,
b924fe4f-74fc-4d39-a60c-2d0a4813f414,intercut.expert,premium,,,75,76,8,,,
bf9f12ad-7fd2-4baa-bf49-f7d44e0cad2c,freezing.expert,premium,,,65,68,8,,,
48914c41-e014-4367-90d5-274e3970b81a,crossref.expert,premium,,,74,80,8,,,
c6f17ec2-93a1-4f6e-97f3-74a30b33230d,dietary.expert,premium,,,80,80,7,,,
757236cf-bb31-47a6-8be1-92216cf1a65b,quasiacademic.expert,premium,,,,72,14,,,
0355923a-77a6-4a78-b7c7-7910d234f05a,butandben.expert,premium,,,60,72,11,,,
cc2432e2-1583-4746-afad-0bd0f03ef56f,craneengine.expert,premium,,,56,72,12,,,
542605cd-d750-4227-bef0-eedf16daf334,jellyroll.expert,premium,,,57,84,9,,,
3d8411c5-80c9-489a-8106-1c792a55ad99,naturopath.expert,premium,,,60,84,10,,,
4aaf4d50-6934-41df-9eed-9127f1afb112,mobilisation.expert,premium,,,64,28,12,,,
d64a21da-843d-4fe1-935b-27298efc0f43,chinup.expert,premium,,,62,76,7,,,
b0d0ed32-dff2-46c9-8487-a85367da6e6a,amity.expert,premium,,,66,84,5,,,
71b90490-38a1-4168-90e5-295a8742ca18,tallthistle.expert,premium,,,,72,12,,,
d2a28350-04e2-4609-820b-ca95a4e34b7a,staircase.expert,premium,,,78,88,9,,,
fb2b87fe-ebb4-4594-8120-675e5bcec28e,denmark.expert,premium,,,52,80,7,,,
50f94a25-6acc-4fb4-83fc-adc830827847,paperaeroplane.expert,premium,,,66,76,15,,,
3035561c-dbbf-41c5-9a88-356695b30543,counterair.expert,premium,,,52,72,10,,,
f1f909be-1574-46ea-9d3f-c0849fcc41fe,Bambilover.expert,premium,,,60,72,11,,,
881cd64f-5933-4ccc-ac1f-4c6b8b97af2e,airlifted.expert,premium,,,50,72,9,,,
eff8790c-625c-4f29-b6e9-021df7cf3a78,HouseofStuart.expert,premium,,,40,20,15,,,
efcfca11-e6df-4642-8e71-0ce4b8274b38,packagefilm.expert,premium,,,56,72,12,,,
d961ad2a-9cac-45a3-831a-ab48b2e4ce11,Steadicam.expert,premium,,,60,76,9,,,
590ec79c-7287-470e-936f-559014d7666a,jumpdown.expert,premium,,,58,72,9,,,
64e9d828-5f1a-4866-9e99-53bf50fd6572,sleekest.expert,premium,,,,12,8,,,
4a293328-d3be-4be6-bce1-944ce1a71e7d,memoryenhancer.expert,premium,,,64,72,15,,,
2cbc1c10-01c0-4ffd-9e08-bf59d9e20821,inearnest.expert,premium,,,52,72,10,,,
d9bbf790-1c47-4615-a858-b3fc2410e710,wavedown.expert,premium,,,,4,9,,,
54157422-fc88-4632-8799-736357e981dc,puller.expert,premium,,,58,76,6,,,
67ed8bf2-a27a-4eb0-9378-21130c0bfe71,grabsomeZs.expert,premium,,,68,4,12,,,
e3040cb9-de31-436d-b4c0-7f0788de8101,bounteous.expert,premium,,,68,76,9,,,
e22fe0e6-079f-47ca-9a5d-8ae25af1fbbd,MississippiCounty.expert,premium,,,50,8,18,,,
7578d8d5-8392-4665-8bf5-f00b1d2009f8,quirky.expert,premium,,,66,76,6,,,
7a5fee51-6427-4142-8ca4-844c2aa58485,Hippocratic.expert,premium,,,58,76,11,,,
bb756034-d49f-45d6-8385-3af355fe0daf,LittleWilbraham.expert,premium,,,54,72,16,,,
a5c817c0-c6e0-4b03-9544-142e0886409e,chef.expert,premium,,,92,92,4,,,
7f2a2eaf-c116-4303-b8e0-1e3fec582cb1,songburst.expert,premium,,,64,72,9,,,
63cfd342-5a0a-4975-a439-aeaed5b4a1d1,squirrel.expert,premium,,,88,28,8,,,
e7240f4d-5c45-4f5d-86b3-393329421dd3,reflections.expert,premium,,,,16,11,,,
00dea59b-4816-4ac4-b1b3-896926ef4c17,hairpiece.expert,premium,,,66,80,9,,,
ea58a965-7c58-4764-b6ec-9daa92d8caae,shoeless.expert,premium,,,50,3,8,,,
eedcda17-5637-46e1-a42a-7c7effdf676f,hootowl.expert,premium,,,54,72,8,,,
832f0f6b-185e-44c5-89df-6a14a6cc228d,commonshelduck.expert,premium,,,52,72,15,,,
d869ec13-cdfd-4f5f-8ac9-88cf6f3363be,ayrshire.expert,premium,,,68,76,8,,,
8050e19c-3b5b-4eaf-8acc-55c7e888e037,quietness.expert,premium,,,62,80,9,,,
776ae1a2-9990-47e5-802f-7778ec226b3a,abstaining.expert,premium,,,36,72,10,,,
8b17ae52-cef2-4a98-92a7-94610b67ac0a,longhead.expert,premium,,,40,68,8,,,
4597d33c-e7c8-4422-a9d1-3c7de24fe24d,primalscene.expert,premium,,,52,72,12,,,
85b6b9ad-8285-4790-9e3f-f4a5214abd30,secondarymodern.expert,premium,,,52,72,16,,,
122cecf6-99cc-45ae-b3d4-5f37b89d2bdd,handicapper.expert,premium,,,58,68,11,,,
6d5921df-aa35-4345-9456-81f4554727c3,overclock.expert,premium,,,,88,9,,,
86a7c212-9306-446b-b6a3-3d9f3fd31e13,daybed.expert,premium,,,58,76,6,,,
08123e1f-b744-4bb4-ad4f-eb8061c86a17,Kitee.expert,premium,,,52,72,5,,,
f9e7ddbe-57ee-4629-a73f-098869168ea3,tossin.expert,premium,,,,72,7,,,
7056adc1-ebba-46b2-a0af-a6fa71652ac1,bluntly.expert,premium,,,58,76,7,,,
bcd44a0c-8ce4-4bd0-8f20-e37331000957,windows.expert,premium,,,58,17,7,,,
e78dd4a3-b1f3-4db2-8b04-819ee9e42b03,bucketofsunshine.expert,premium,,,60,72,18,,,
e9a42467-c05b-465a-bac0-e2e221eca09d,glazing.expert,available,82.48,,62,88,7,namecheap,,
72459bdf-45de-4cef-bdb5-1b3ac255ff9b,asmemoryserves.expert,premium,,,38,76,16,,,
0a72c83a-26f4-43d6-ab86-72d9e8761ea3,BulgarianHound.expert,premium,,,56,72,15,,,
d2f1ca39-91fa-4d25-9b75-c9341f946a65,featofstrength.expert,premium,,,60,72,16,,,
3cc536c7-0b7d-411c-a848-23cb4e975ebb,starquality.expert,premium,,,,72,12,,,
66f07550-d0b2-4a9a-bce4-b7e21f99b8dd,folklife.expert,premium,,,58,72,8,,,
a66f6824-cfee-41b4-8369-81799c3c3b31,continuousgroup.expert,premium,,,36,72,16,,,
9dd62567-6ce1-45ad-b941-b413ec9e9ab4,semestral.expert,premium,,,48,72,9,,,
89057a2f-e879-4d99-8c83-8b44967b3cd5,amberliquid.expert,premium,,,62,72,12,,,
498605f2-ebfb-4c94-a85e-0687b6c0b2c4,civility.expert,resell,,,68,88,8,"GoDaddy.com, LLC",11/10/2019 20:50,11/10/2025 20:50
ad400ab4-57cc-4460-a276-cec64e163156,PaulBunyan.expert,premium,,,54,80,11,,,
f60c32e6-acc8-49cd-a39e-f1d47ca837d2,fulls.expert,premium,,,40,12,5,,,
769e0177-a566-4ae1-b239-e84486ac617d,goldcups.expert,premium,,,40,72,9,,,
d47c833d-4500-4a0a-8034-ebcfc214ff12,sodacan.expert,premium,,,56,72,8,,,
b8ca296f-c77c-4be9-9a6c-5d322e7e60c4,powerstation.expert,premium,,,58,88,13,,,
728cb428-454b-46c7-8e69-b2ede5168593,skene.expert,premium,,,50,76,5,,,
e52c0616-c018-4f8a-af9d-7bf45a085f3c,anapaestic.expert,premium,,,64,1,10,,,
bd97dc5c-0e56-4e75-8043-74a0c0929803,gasstation.expert,premium,,,68,8,11,,,
b95b8717-ac4a-4442-895c-7d7449e8fd1f,speargun.expert,premium,,,58,84,9,,,
a75010cc-ad2f-46bf-bd64-f20603806b2d,cinnamon.expert,premium,,,68,18,8,,,
c32658bd-e6c7-4310-8ce0-75f8cc51e31c,unmatched.expert,premium,,,68,11,9,,,
ae22f610-e67d-498a-9553-0473f0c02c53,BigMac.expert,premium,,,84,7,7,,,
fd91222e-c430-4887-b008-2f2ad62f8ecf,cheesefingers.expert,premium,,,42,72,14,,,
ea37a755-ff4f-4a82-b523-912380fca51e,astigmatic.expert,premium,,,56,1,10,,,
c172994d-e997-4cd1-af5c-cf3735d4684f,newschannel.expert,premium,,,62,68,12,,,
db71ed2c-c202-4ac2-adce-219228a1c84f,fretful.expert,premium,,,58,2,7,,,
48ac4599-2513-4300-8e35-d1c8c2f98ae4,ChannelIslander.expert,premium,,,52,72,16,,,
c2c57d39-0c41-4504-b572-9d5ba2ed86fd,bankguard.expert,premium,,,56,80,10,,,
fe2e9db6-770e-4205-aa3a-7544dce4b8a7,projectingly.expert,premium,,,42,72,12,,,
f13a93c1-8c09-4671-84a2-8643758a1879,manysidedness.expert,premium,,,68,1,14,,,
dc3a7422-33d1-438b-857c-ff15c8f40b91,wheeloflife.expert,premium,,,,84,13,,,
6fae25eb-e885-4f4c-b603-11770019c0cc,necklines.expert,premium,,,,0,9,,,
da231927-4101-436f-9773-13247b14a206,bods.expert,premium,,,40,48,4,,,
5754de6f-3f5c-4d32-a2a4-d6e7d6448de3,Gavin.expert,premium,,,54,84,5,,,
71708be5-5242-4d14-acae-210882cd12ba,confuzzle.expert,premium,,,80,80,9,,,
9ed8f158-f1ef-4806-916b-04f534863dbc,clockwise.expert,premium,,,64,84,9,,,
4bd010e8-8ae2-403a-bf8b-41be5a30f5da,greensauce.expert,premium,,,48,76,10,,,
a3c53c64-d384-41db-aee5-73071be1a83c,flatsilver.expert,premium,,,58,72,11,,,
af3f48ed-b30c-4017-910d-385739cf536c,bottomedge.expert,premium,,,78,72,11,,,
31e004a9-7c2d-430b-8bf2-72e7e91c6688,werewolves.expert,premium,,,,7,10,,,
82c12684-64e8-471f-9884-b5b5ef64bf6b,gotosleep.expert,premium,,,68,3,11,,,
a238ea75-8695-45f9-98cd-f61ab2a9fea7,valiance.expert,premium,,,72,92,8,,,
13f2b403-a5fa-42a2-8331-51759398a25a,rubbedout.expert,premium,,,,8,10,,,
d5a73738-d5c0-4d6d-88d3-62097e0b6f1b,lapse.expert,premium,,,88,7,5,,,
f6420392-12ef-4284-a8fa-f26247345829,ossa.expert,premium,,,,48,4,,,
c1569234-954c-4a01-b3f0-fa573696ceca,oneirologist.expert,premium,,,54,72,12,,,
1441cfcd-12a2-4da4-9eca-01c433f6c71a,encounter.expert,premium,,,92,15,9,,,
e5975d1a-57c8-439b-b914-a78a8d78214d,beaujolais.expert,premium,,,66,72,10,,,
3d6203ce-42b3-4690-bc92-d76e20a95fbf,luculent.expert,premium,,,56,76,8,,,
a9241ed0-25b0-4400-b1e9-675dd73f9133,differencegate.expert,premium,,,58,72,15,,,
ba58f58d-194c-4bb8-b78e-189ee585ec04,goahead.expert,premium,,,84,80,8,,,
788487ee-4dc5-4182-8590-d166291e471e,NRW.expert,premium,,,50,72,3,,,
69ea716b-4047-462b-aa79-14271370b3c0,gasmantle.expert,premium,,,52,72,10,,,
882616f5-869f-4714-8610-1069dc6c3fde,speakof.expert,premium,,,,72,8,,,
f6bcabb1-0aa8-44bb-b94c-92bbb052ba75,Linzercookie.expert,premium,,,72,72,13,,,
b7071647-5543-4572-935b-808dcf424eba,beamish.expert,premium,,,48,3,7,,,
484422fb-4d12-4c6c-beb8-83041cadf339,dualvectorspace.expert,premium,,,36,4,17,,,
6c87e1d9-5e67-4ecc-bb92-bccabec18f58,feminine.expert,premium,,,86,9,8,,,
ac5c6d3d-8ca8-4f82-b672-b2a8a3424bb4,tribute.expert,premium,,,88,19,7,,,
6e3681a1-9602-468c-9a63-eb063b0acba6,prospective.expert,premium,,,78,88,11,,,
7b1fa838-d445-4df0-be8b-5b440a9f1ebd,birthdayhonour.expert,premium,,,36,72,15,,,
1c807a25-8f09-4113-98ca-2f705f5d9e59,amplitudes.expert,premium,,,44,36,10,,,
384eaf72-acd4-4576-91cc-a045504716f4,hematologist.expert,premium,,,56,72,12,,,
0757329f-f05b-4553-81e8-9e1e3f318612,flatters.expert,premium,,,36,12,8,,,
f5a68f83-3db1-4169-83b7-4b820b776838,localhero.expert,premium,,,58,80,10,,,
613ae221-f7f9-4353-93ce-4dd26e85c8f6,completer.expert,premium,,,60,76,9,,,
f4c47732-0b18-41b6-b8a6-52bdd9b3dd6f,otherside.expert,premium,,,,80,10,,,
8234f564-4950-4dbd-b4cd-e29c950794e8,openroad.expert,premium,,,,80,9,,,
18ec8cbd-fb0c-4913-8566-791f6e62d087,kidd.expert,premium,,,56,84,4,,,
31afb971-ecd9-4039-acc5-9c318bddb730,cups.expert,premium,,,48,12,4,,,
1c9359e5-cd01-4453-bec5-06f9deef91f6,Notowitz.expert,premium,,,46,72,8,,,
e56ec640-11c7-4f3c-85a4-612e23f46b7a,renter.expert,premium,,,86,80,6,,,
bf0defd1-41b0-46fe-a58a-28b88de5cbbd,polenta.expert,premium,,,62,80,7,,,
9dc0b20b-cef9-49c9-92a1-5318688fd7fb,superapp.expert,premium,,,62,88,9,,,
88b42a9d-6761-4517-9742-f65a39da75ec,helsinki.expert,premium,,,50,84,8,,,
4a524d00-9c96-47b5-8f73-48c3a7150b2c,Indianised.expert,premium,,,38,8,10,,,
f97263e4-1a7f-41fe-a218-23fd17b7b391,ogivewindow.expert,premium,,,,72,12,,,
cab24842-2941-4b22-94a5-d71ff788c9cb,woodhouse.expert,premium,,,46,76,9,,,
bdd8f59a-ffe3-44a7-bfd1-1d3e7b867b29,backandforthing.expert,premium,,,58,72,17,,,
b491a10f-f647-4233-9b94-dd7765fb8a35,queering.expert,premium,,,,12,8,,,
8310e592-2ca2-4be2-912e-0c238d0b805b,musicale.expert,premium,,,54,80,8,,,
f5ab3613-db4c-44a3-a9b6-101545c901ef,conoid.expert,premium,,,74,72,6,,,
4df9f259-1c6e-4f58-aacd-bb11ee5a734a,opossum.expert,premium,,,60,84,7,,,
4de97f24-458d-4aa9-b6d6-34d5708a61af,wolfdog.expert,premium,,,68,80,8,,,
80b5ccc4-fb88-4384-b1f0-6a7c6a72cd13,rabbit.expert,premium,,,62,92,6,,,
25e7b676-4bfb-4877-827f-4b42c3471632,relyupon.expert,premium,,,,72,9,,,
cc7b1887-ecef-401a-92e2-63fcf0335707,pinking.expert,premium,,,56,76,7,,,
b6c0aea0-0108-4f6a-a737-2ea7516be815,royalline.expert,premium,,,60,76,10,,,
17a057f7-ca91-4d8b-a53d-266a3821d43d,welltried.expert,premium,,,64,72,10,,,
32973f45-a941-4179-a5dc-f49a68121b04,mainmemory.expert,premium,,,70,76,11,,,
8777b80c-e77e-4d80-97d7-8aa38ad4256c,shortpull.expert,premium,,,58,72,10,,,
d0c9bca2-dbeb-407c-ad52-59a4b1b030ca,cargopallet.expert,premium,,,56,72,12,,,
f2e490b2-d5ef-4016-8cea-be55032972b7,stepladders.expert,premium,,,,16,11,,,
eace28f6-1157-4f83-9f78-c314d94aa75f,attest.expert,premium,,,72,80,6,,,
5842c79b-578f-40de-8da4-9fbf886d6038,tallboy.expert,premium,,,60,76,7,,,
7ba6d038-eab3-4afa-9d29-ea77ce5e6174,reverseshot.expert,premium,,,56,72,12,,,
0703d65f-4eb0-4f95-8753-1a8ac1afadcc,Foshan.expert,premium,,,56,80,6,,,
5c4e402b-5ce1-46f6-b8bd-e42c64a79989,dreamer.expert,premium,,,72,88,7,,,
b2797013-31d4-412b-9e35-8b8ddd68833b,fleettug.expert,premium,,,36,4,9,,,
d8483e0d-18e5-482c-8d22-7856052065ad,universities.expert,premium,,,,9,12,,,
cf86e40c-0d14-485e-8822-0600f95de96f,tidal.expert,premium,,,58,88,5,,,
d1ed71e2-e250-422d-aa3f-db562112b450,intakesilencer.expert,premium,,,60,72,15,,,
048306fd-df2c-4409-9e9c-af701ed8487b,lootbox.expert,premium,,,56,80,8,,,
67761cf1-631e-43ed-a713-65b2466e021d,workparty.expert,premium,,,60,80,10,,,
51547782-c764-4c76-b63c-28042522e6b9,redoak.expert,premium,,,,80,7,,,
65a33f37-ce24-4cb6-b558-3d29b87ebb55,chipmunklike.expert,premium,,,57,72,12,,,
2bcda762-7cb3-44f6-84c0-84fd1ef9b58f,corset.expert,premium,,,86,84,6,,,
5e705ab7-859d-4065-b517-526820faa99b,boatlift.expert,premium,,,78,80,9,,,
e5401ba0-1e2c-4974-92a7-06b76abe7de2,feijoa.expert,premium,,,64,72,6,,,
9740f73b-0224-456b-8dc2-e2c5fc119440,freedomunits.expert,premium,,,58,16,13,,,
0ae94924-5e0b-4dfa-9ebb-6bbd6384e767,cranberryword.expert,premium,,,56,72,14,,,
c671b481-e577-4da1-99d3-06837467c7e7,wakening.expert,premium,,,75,2,8,,,
1d96b860-114b-4bf3-bc06-77ed8d03d2ae,notability.expert,premium,,,58,80,10,,,
f00f7a50-c22b-46e8-93d7-ad716a199f0c,somethingelse.expert,premium,,,,88,14,,,
94eca4f9-a75d-49ab-abb8-b843315c9ab1,Jerri.expert,premium,,,56,84,5,,,
5fc56bef-f479-4f7a-a8b0-4af1b2c95755,projectors.expert,premium,,,,28,10,,,
476afeb3-bf49-499c-900f-f3b331d68917,applicators.expert,premium,,,36,12,11,,,
96bdc3b7-a68b-4ba6-998b-e2da984f4d48,hobbyist.expert,premium,,,60,80,8,,,
61f72b1a-efdd-4dd2-af0a-11afc3eb00fa,intermix.expert,premium,,,74,80,8,,,
a02ba819-d485-480f-87d7-abc42a1aa7c1,tothelast.expert,premium,,,62,72,11,,,
d80606f3-909e-4ee8-b365-5af00a23dcca,FortRiley.expert,premium,,,40,8,10,,,
568a0987-6891-40df-a554-078ae41bd368,watchmen.expert,premium,,,,48,8,,,
0d97dbc2-a3f2-46d8-9e8e-2f8f18961065,freshly.expert,premium,,,60,72,7,,,
c7bf8015-fb1c-40a0-ae1e-e7e8f97bb114,newfound.expert,premium,,,,8,8,,,
e463029b-7000-486e-8a85-a0fad3711ec5,dipperswitch.expert,premium,,,36,4,13,,,
0ef40c3e-8c78-403c-8b05-716f1fd9ad90,discipleship.expert,premium,,,58,52,12,,,
7fe5a442-3c17-4acc-aa74-a3265066589d,defencemechanism.expert,premium,,,62,72,17,,,
129ba6d5-6f91-4e35-aa74-5226977682f1,datumline.expert,premium,,,54,76,10,,,
a7160897-70dc-459e-bb2e-7906a2501727,okeechobee.expert,premium,,,44,72,10,,,
fb2bdfd7-2f48-4793-b173-125bd5c9700b,Coppet.expert,premium,,,50,72,6,,,
c2f9a0ce-a758-4c90-b138-f89400bc782f,sympathising.expert,premium,,,,8,12,,,
0117c422-663f-4574-82e9-990e0f0e23eb,inwaiting.expert,premium,,,46,1,10,,,
ff04a976-40f4-421a-b633-12c323c90f27,thirst.expert,premium,,,90,84,6,,,
8c586e07-2613-4184-ba18-22fbc2567efc,ceylonese.expert,premium,,,72,76,9,,,
53564611-265f-4d52-a4b8-f77612c91595,bible.expert,premium,,,88,50,5,,,
fa586216-8de5-4a54-ac7a-9a85c8e96537,Dustin.expert,premium,,,50,84,6,,,
bdc0fa79-eff3-4fdd-a502-11dd826087ff,channelbass.expert,premium,,,52,72,12,,,
8b4215eb-ca14-4eaa-98ed-83310ddd7eb4,ButtonwoodAgreement.expert,premium,,,36,72,20,,,
d5d9d78c-ed0e-4d4b-a744-b37f3aae815e,legalgender.expert,premium,,,56,72,12,,,
3450f7ca-3f23-47a6-bc37-fbfed7f44487,oldrose.expert,premium,,,60,76,8,,,
58f0e0a8-2a45-4443-a14b-4fa7d5f8698a,reinforced.expert,premium,,,69,6,10,,,
f2c5be1b-73ee-4ae0-ae95-9e13ca0dee87,offoffBroadway.expert,premium,,,72,72,16,,,
2070c71c-ee2e-4b90-adeb-a6603ba8d0c5,howsayyou.expert,premium,,,48,1,11,,,
24ab5662-f3e3-4d9a-a2d4-70da893f3e9f,amplifier.expert,premium,,,60,84,9,,,
eaa674c7-cdee-42c3-a03d-81ba182ac806,bluevervain.expert,premium,,,56,76,12,,,
a8abf4e0-7fd8-4a62-84f2-9c82066084c2,roadracing.expert,premium,,,,72,11,,,
2593fa4f-eabf-4a22-b346-8514ecfa3182,comical.expert,premium,,,75,5,7,,,
9eb26352-a4c4-48bb-b94b-b217bd7567ff,alloverthelot.expert,premium,,,58,72,16,,,
461920c6-791f-476f-a922-5a4f9eed7f48,shutin.expert,premium,,,,72,7,,,
f4552f49-7448-44af-8b19-3d506907a3c1,scrolled.expert,premium,,,,16,8,,,
a7548798-7e04-4e90-a29a-d6ed1bd9b14c,goonthen.expert,premium,,,44,1,10,,,
f9410cbd-9c07-4b8d-9651-f98b51ca1b8a,goldfield.expert,premium,,,58,76,9,,,
1ea62251-2c3d-4085-b27c-a3a4f1fc735a,Malia.expert,premium,,,56,92,5,,,
f115eeaa-6077-4dec-a09c-859a3cd27022,shariah.expert,premium,,,60,88,7,,,
6130a9b7-7e26-4148-a810-538f28c95fed,prevents.expert,premium,,,,20,8,,,
a4e728ac-dff8-4666-9e3c-7aa6b3af7806,topout.expert,premium,,,,80,7,,,
0831c270-866a-46ca-ba44-a198d80ddd13,shotput.expert,premium,,,,80,8,,,
c6911922-6af5-4eb0-b228-d6c07275fd11,martialarts.expert,premium,,,60,88,12,,,
c2dc45db-8c21-465f-80c3-b7ccd4dbfe6d,geon.expert,premium,,,56,76,4,,,
0fe5f46c-f94b-40c3-ac92-67f281adb7f7,jellydoughnut.expert,premium,,,68,72,14,,,
e7b9e121-06de-4f35-95dd-78972ef62919,campdavid.expert,premium,,,62,84,10,,,
6e72a46e-1672-4518-9c0f-7cde43f9559c,upsilonmeson.expert,premium,,,54,72,13,,,
b4a43e8f-bd58-48a4-bf9e-215bc0326d0a,whims.expert,premium,,,,64,5,,,
ae131612-668d-416b-af1f-d4f775c6798e,abietinicacid.expert,premium,,,46,72,14,,,
432cace6-c7b2-4c57-80cb-530f180f1daa,kiddy.expert,resell,,,58,84,5,Domain Science Kutatási Szolgáltató Korlátolt Felelősségű Társaság,29/05/2024 12:59,29/05/2026 12:59
27cced9d-6bde-4f1c-8d18-c274d1f51063,humanism.expert,premium,,,64,76,8,,,
5102f673-b827-4995-a9b5-438c96080d8e,oldfellow.expert,premium,,,54,72,10,,,
3c875016-6510-4329-a9bc-cb2ee89fb00e,Kirtlebridge.expert,premium,,,48,72,12,,,
bc23acb2-046a-44af-b2d1-cd1385c37802,lifeadmin.expert,premium,,,54,80,10,,,
e808205e-79fb-4b2e-acc2-7912c4d51a04,AmerindianEnglish.expert,premium,,,36,4,18,,,
2bb4caca-9285-41bc-a2b2-4a51546af32d,marketprice.expert,premium,,,64,84,12,,,
bcde9ee6-514c-41f5-9601-7b526af5aef0,auburn.expert,premium,,,64,15,6,,,
0d47697c-0ea5-4a56-9bd1-ba725b2a7fba,Pascual.expert,premium,,,,36,7,,,
9e0a4e90-c762-4197-8c41-194bf0f27771,Shaq.expert,premium,,,68,84,4,,,
95e9e1ee-b8bf-450f-9eb4-fe6e0c173aba,tamely.expert,premium,,,50,72,6,,,
5c2d4e86-512a-477b-914c-31d3d85a1f65,neuromedicine.expert,premium,,,,76,13,,,
9b8869d9-316e-4435-9327-7773e0c9a41e,steambath.expert,premium,,,58,72,10,,,
c8305a50-f814-4b7b-8730-9678d5cb9831,silverish.expert,premium,,,46,1,9,,,
18aab045-7b3d-4fab-8a72-fe465148b7bb,organisationalchart.expert,premium,,,60,72,20,,,
0680bc80-cb7d-4a50-b2d4-def344fa2224,question.expert,resell,,,94,17,8,Porkbun LLC,27/03/2026 18:16,27/03/2027 18:16
d195b9c6-1b1a-4f0c-bf6b-5d3c9080a299,snail.expert,premium,,,78,88,5,,,
c2ac87e3-5166-438f-868b-ce6f01c64804,massstart.expert,premium,,,60,72,10,,,
cf2b01b7-393c-49ee-9700-3ae94c27bb6b,problemsolve.expert,premium,,,62,72,13,,,
75232025-eb66-448d-8cbc-b3c8233a7970,halfline.expert,premium,,,54,76,9,,,
a7e624fa-cf7b-48be-863f-d565d69f09cd,charitabletrust.expert,premium,,,62,72,16,,,
493496bb-d466-4e73-af0b-0076e89b493a,socialworker.expert,premium,,,54,76,13,,,
35807e3d-6408-4a5d-978d-34317e2b43cd,portofcall.expert,premium,,,,2,12,,,
11c4fa43-1f8a-4a78-af6a-0435eb3bdef6,discerningly.expert,premium,,,50,72,12,,,
998f7c4a-4eaf-410a-8bfb-6e5400b9651a,whatiswhat.expert,premium,,,,8,12,,,
95e343ce-497c-4d0e-82c1-be688da2c3ec,manually.expert,premium,,,50,72,8,,,
e59f5a26-85e5-491c-a7f2-440f4345483f,bedecks.expert,premium,,,42,12,7,,,
ab8a7ae8-0b0b-449b-ad0e-b1a56322e817,abiology.expert,premium,,,64,72,8,,,
cfdcac54-5661-46e1-adec-18d679e84f33,subalpine.expert,premium,,,50,2,9,,,
220ea7c6-af03-423c-b3aa-96e74d03a62a,Richlands.expert,premium,,,,72,9,,,
6a5d8b5a-ccf7-40b4-8c2c-a73bec3ec2df,hikes.expert,premium,,,40,48,5,,,
9defefaa-a23d-4d12-a793-310c1836c009,sufficiences.expert,premium,,,,4,12,,,